ベンダ,GRAPHTEC Corporation,,,,,,,,,,,,,,
モデル,GL260,,,,,,,,,,,,,,
バージョン,Ver1.03  ,,,,,,,,,,,,,,
最大CH数,10,,,,,,,,,,,,,,
WL開始CH,10,,,,,,,,,,,,,,
演算開始CH,10,,,,,,,,,,,,,,
最大ロジックCH数,4,,,,,,,,,,,,,,
最大演算CH数,10,,,,,,,,,,,,,,
Logic/Pulse,Off,,,,,,,,,,,,,,
温度単位,C,,,,,,,,,,,,,,
測定間隔,1s,,,,,,,,,,,,,,
測定点数,880,,,,,,,,,,,,,,
トリガ点,0,,,,,,,,,,,,,,
開始時刻,2026/04/14,14:43:23,,,,,,,,,,,,,
終了時刻,2026/04/14,14:58:02,,,,,,,,,,,,,
トリガ時刻,2026/04/14,14:43:23,,,,,,,,,,,,,
アンプ設定,,,,,,,,,,,,,,,
CH,信号名,アンプ,入力,レンジ,温度レンジ,フィルタ,スパン,,単位,線色,,,線幅,,
CH1, CH 1,M,TEMP,TC_K,2000degC,Off,300,0,[degC],28,5,6,0,,
CH2, CH 2,M,TEMP,TC_K,2000degC,Off,300,0,[degC],0,13,23,0,,
CH3, CH 3,M,TEMP,TC_K,2000degC,Off,300,0,[degC],9,22,8,0,,
CH4, CH 4,M,TEMP,TC_K,2000degC,Off,300,0,[degC],21,0,21,0,,
CH5, CH 5,M,TEMP,TC_K,2000degC,Off,300,0,[degC],28,16,2,0,,
CH6, CH 6,M,TEMP,TC_K,2000degC,Off,300,0,[degC],5,23,30,0,,
CH7, CH 7,M,TEMP,TC_K,2000degC,Off,300,0,[degC],30,23,1,0,,
CH8, CH 8,M,TEMP,TC_K,2000degC,Off,300,0,[degC],28,0,17,0,,
CH9, CH 9,M,TEMP,TC_K,2000degC,Off,300,0,[degC],17,11,7,0,,
CH10, CH10,M,TEMP,TC_K,2000degC,Off,300,0,[degC],19,27,0,0,,
演算設定,,,,,,,,,,,,,,,
CH,左項,演算子,右項,スケーリング,スパン,,単位,,,,,,,,
演算拡張設定,,,,,,,,,,,,,,,
CH,信号名,係数A,左項,演算子,係数B,右項,オフセットC,スケーリング,スパン,,単位,線色,,,線幅
測定値,,,,,,,,,,,,,,,
番号,日付/時間,ms,CH1,CH2,CH3,CH4,CH5,CH6,CH7,CH8,CH9,CH10,Alarm1-10,AlarmOut,
NO.,Time,ms,degC,degC,degC,degC,degC,degC,degC,degC,degC,degC,A1234567890,AO1234,
1,2026/04/14 14:43,0,264.3,216.2,215.7,23.8,27.8,BURNOUT,BURNOUT,BURNOUT,BURNOUT,BURNOUT,LLLLLLLLLL,LLLL,
2,2026/04/14 14:43,0,266.8,222.2,222.9,23.9,27.9,BURNOUT,BURNOUT,BURNOUT,BURNOUT,BURNOUT,LLLLLLLLLL,LLLL,
3,2026/04/14 14:43,0,269,227.7,229.2,23.9,27.9,BURNOUT,BURNOUT,BURNOUT,BURNOUT,BURNOUT,LLLLLLLLLL,LLLL,
4,2026/04/14 14:43,0,271.1,232.7,234.8,23.9,27.9,BURNOUT,BURNOUT,BURNOUT,BURNOUT,BURNOUT,LLLLLLLLLL,LLLL,
5,2026/04/14 14:43,0,273.1,237.4,239.9,23.9,27.9,BURNOUT,BURNOUT,BURNOUT,BURNOUT,BURNOUT,LLLLLLLLLL,LLLL,
6,2026/04/14 14:43,0,274.9,241.8,244.4,23.9,27.8,BURNOUT,BURNOUT,BURNOUT,BURNOUT,BURNOUT,LLLLLLLLLL,LLLL,
7,2026/04/14 14:43,0,276.6,245.9,248.5,23.9,27.8,BURNOUT,BURNOUT,BURNOUT,BURNOUT,BURNOUT,LLLLLLLLLL,LLLL,
8,2026/04/14 14:43,0,278.3,249.7,252.1,23.9,27.8,BURNOUT,BURNOUT,BURNOUT,BURNOUT,BURNOUT,LLLLLLLLLL,LLLL,
9,2026/04/14 14:43,0,279.9,253.3,255.5,23.9,27.7,BURNOUT,BURNOUT,BURNOUT,BURNOUT,BURNOUT,LLLLLLLLLL,LLLL,
10,2026/04/14 14:43,0,281.4,256.6,258.4,23.9,27.7,BURNOUT,BURNOUT,BURNOUT,BURNOUT,BURNOUT,LLLLLLLLLL,LLLL,
11,2026/04/14 14:43,0,282.8,259.6,261.1,23.8,27.7,BURNOUT,BURNOUT,BURNOUT,BURNOUT,BURNOUT,LLLLLLLLLL,LLLL,
12,2026/04/14 14:43,0,284.2,262.5,263.5,23.9,27.7,BURNOUT,BURNOUT,BURNOUT,BURNOUT,BURNOUT,LLLLLLLLLL,LLLL,
13,2026/04/14 14:43,0,285.6,265.2,265.9,23.8,27.6,BURNOUT,BURNOUT,BURNOUT,BURNOUT,BURNOUT,LLLLLLLLLL,LLLL,
14,2026/04/14 14:43,0,286.7,267.7,267.9,23.8,27.6,BURNOUT,BURNOUT,BURNOUT,BURNOUT,BURNOUT,LLLLLLLLLL,LLLL,
15,2026/04/14 14:43,0,288,270.1,269.8,23.8,27.6,BURNOUT,BURNOUT,BURNOUT,BURNOUT,BURNOUT,LLLLLLLLLL,LLLL,
16,2026/04/14 14:43,0,289.1,272.3,271.7,23.7,27.6,BURNOUT,BURNOUT,BURNOUT,BURNOUT,BURNOUT,LLLLLLLLLL,LLLL,
17,2026/04/14 14:43,0,290.2,274.5,273.3,23.8,27.6,BURNOUT,BURNOUT,BURNOUT,BURNOUT,BURNOUT,LLLLLLLLLL,LLLL,
18,2026/04/14 14:43,0,291.2,276.4,274.9,23.8,27.6,BURNOUT,BURNOUT,BURNOUT,BURNOUT,BURNOUT,LLLLLLLLLL,LLLL,
19,2026/04/14 14:43,0,292.3,278.3,276.4,23.8,27.6,BURNOUT,BURNOUT,BURNOUT,BURNOUT,BURNOUT,LLLLLLLLLL,LLLL,
20,2026/04/14 14:43,0,293.2,280.2,277.7,23.7,27.5,BURNOUT,BURNOUT,BURNOUT,BURNOUT,BURNOUT,LLLLLLLLLL,LLLL,
21,2026/04/14 14:43,0,294.2,281.9,279.1,23.7,27.5,BURNOUT,BURNOUT,BURNOUT,BURNOUT,BURNOUT,LLLLLLLLLL,LLLL,
22,2026/04/14 14:43,0,295.1,283.5,280.4,23.7,27.4,BURNOUT,BURNOUT,BURNOUT,BURNOUT,BURNOUT,LLLLLLLLLL,LLLL,
23,2026/04/14 14:43,0,296,285.1,281.4,23.7,27.5,BURNOUT,BURNOUT,BURNOUT,BURNOUT,BURNOUT,LLLLLLLLLL,LLLL,
24,2026/04/14 14:43,0,296.9,286.6,282.5,23.6,27.4,BURNOUT,BURNOUT,BURNOUT,BURNOUT,BURNOUT,LLLLLLLLLL,LLLL,
25,2026/04/14 14:43,0,297.6,288,283.6,23.6,27.4,BURNOUT,BURNOUT,BURNOUT,BURNOUT,BURNOUT,LLLLLLLLLL,LLLL,
26,2026/04/14 14:43,0,298.4,289.4,284.6,23.6,27.3,BURNOUT,BURNOUT,BURNOUT,BURNOUT,BURNOUT,LLLLLLLLLL,LLLL,
27,2026/04/14 14:43,0,299.2,290.6,285.6,23.6,27.3,BURNOUT,BURNOUT,BURNOUT,BURNOUT,BURNOUT,LLLLLLLLLL,LLLL,
28,2026/04/14 14:43,0,299.9,291.8,286.5,23.6,27.3,BURNOUT,BURNOUT,BURNOUT,BURNOUT,BURNOUT,LLLLLLLLLL,LLLL,
29,2026/04/14 14:43,0,300.6,293,287.3,23.6,27.3,BURNOUT,BURNOUT,BURNOUT,BURNOUT,BURNOUT,LLLLLLLLLL,LLLL,
30,2026/04/14 14:43,0,301.4,294.1,288.3,23.6,27.3,BURNOUT,BURNOUT,BURNOUT,BURNOUT,BURNOUT,LLLLLLLLLL,LLLL,
31,2026/04/14 14:43,0,302,295.2,289,23.6,27.2,BURNOUT,BURNOUT,BURNOUT,BURNOUT,BURNOUT,LLLLLLLLLL,LLLL,
32,2026/04/14 14:43,0,302.8,296.3,289.8,23.6,27.2,BURNOUT,BURNOUT,BURNOUT,BURNOUT,BURNOUT,LLLLLLLLLL,LLLL,
33,2026/04/14 14:43,0,303.4,297.3,290.6,23.6,27.2,BURNOUT,BURNOUT,BURNOUT,BURNOUT,BURNOUT,LLLLLLLLLL,LLLL,
34,2026/04/14 14:43,0,304.1,298.2,291.4,23.6,27.2,BURNOUT,BURNOUT,BURNOUT,BURNOUT,BURNOUT,LLLLLLLLLL,LLLL,
35,2026/04/14 14:43,0,304.8,299.1,292.2,23.6,27.2,BURNOUT,BURNOUT,BURNOUT,BURNOUT,BURNOUT,LLLLLLLLLL,LLLL,
36,2026/04/14 14:43,0,305.5,300,292.9,23.6,27.2,BURNOUT,BURNOUT,BURNOUT,BURNOUT,BURNOUT,LLLLLLLLLL,LLLL,
37,2026/04/14 14:43,0,305.9,300.9,293.6,23.6,27.2,BURNOUT,BURNOUT,BURNOUT,BURNOUT,BURNOUT,LLLLLLLLLL,LLLL,
38,2026/04/14 14:44,0,306.4,301.7,294.3,23.6,27.1,BURNOUT,BURNOUT,BURNOUT,BURNOUT,BURNOUT,LLLLLLLLLL,LLLL,
39,2026/04/14 14:44,0,306.8,302.6,294.9,23.6,27.1,BURNOUT,BURNOUT,BURNOUT,BURNOUT,BURNOUT,LLLLLLLLLL,LLLL,
40,2026/04/14 14:44,0,307.3,303.4,295.5,23.6,27.1,BURNOUT,BURNOUT,BURNOUT,BURNOUT,BURNOUT,LLLLLLLLLL,LLLL,
41,2026/04/14 14:44,0,307.8,304.1,296.3,23.6,27.1,BURNOUT,BURNOUT,BURNOUT,BURNOUT,BURNOUT,LLLLLLLLLL,LLLL,
42,2026/04/14 14:44,0,308.2,304.9,296.8,23.6,27.1,BURNOUT,BURNOUT,BURNOUT,BURNOUT,BURNOUT,LLLLLLLLLL,LLLL,
43,2026/04/14 14:44,0,308.7,305.6,297.3,23.6,27.1,BURNOUT,BURNOUT,BURNOUT,BURNOUT,BURNOUT,LLLLLLLLLL,LLLL,
44,2026/04/14 14:44,0,309.2,306.3,297.9,23.5,27,BURNOUT,BURNOUT,BURNOUT,BURNOUT,BURNOUT,LLLLLLLLLL,LLLL,
45,2026/04/14 14:44,0,309.6,307,298.5,23.6,27.1,BURNOUT,BURNOUT,BURNOUT,BURNOUT,BURNOUT,LLLLLLLLLL,LLLL,
46,2026/04/14 14:44,0,310,307.7,299,23.6,27,BURNOUT,BURNOUT,BURNOUT,BURNOUT,BURNOUT,LLLLLLLLLL,LLLL,
47,2026/04/14 14:44,0,310.5,308.4,299.6,23.5,27,BURNOUT,BURNOUT,BURNOUT,BURNOUT,BURNOUT,LLLLLLLLLL,LLLL,
48,2026/04/14 14:44,0,310.9,309.1,300.2,23.6,27,BURNOUT,BURNOUT,BURNOUT,BURNOUT,BURNOUT,LLLLLLLLLL,LLLL,
49,2026/04/14 14:44,0,311.4,309.7,300.6,23.6,27,BURNOUT,BURNOUT,BURNOUT,BURNOUT,BURNOUT,LLLLLLLLLL,LLLL,
50,2026/04/14 14:44,0,311.9,310.4,301.2,23.5,26.9,BURNOUT,BURNOUT,BURNOUT,BURNOUT,BURNOUT,LLLLLLLLLL,LLLL,
51,2026/04/14 14:44,0,312.3,311,301.7,23.5,26.9,BURNOUT,BURNOUT,BURNOUT,BURNOUT,BURNOUT,LLLLLLLLLL,LLLL,
52,2026/04/14 14:44,0,312.7,311.6,302.1,23.5,26.9,BURNOUT,BURNOUT,BURNOUT,BURNOUT,BURNOUT,LLLLLLLLLL,LLLL,
53,2026/04/14 14:44,0,313.2,312.3,302.7,23.5,26.9,BURNOUT,BURNOUT,BURNOUT,BURNOUT,BURNOUT,LLLLLLLLLL,LLLL,
54,2026/04/14 14:44,0,313.6,312.9,303.1,23.5,26.9,BURNOUT,BURNOUT,BURNOUT,BURNOUT,BURNOUT,LLLLLLLLLL,LLLL,
55,2026/04/14 14:44,0,314.1,313.5,303.6,23.5,26.9,BURNOUT,BURNOUT,BURNOUT,BURNOUT,BURNOUT,LLLLLLLLLL,LLLL,
56,2026/04/14 14:44,0,314.5,314,304.1,23.5,26.9,BURNOUT,BURNOUT,BURNOUT,BURNOUT,BURNOUT,LLLLLLLLLL,LLLL,
57,2026/04/14 14:44,0,315,314.5,304.6,23.5,26.9,BURNOUT,BURNOUT,BURNOUT,BURNOUT,BURNOUT,LLLLLLLLLL,LLLL,
58,2026/04/14 14:44,0,315.3,315.1,305,23.5,26.8,BURNOUT,BURNOUT,BURNOUT,BURNOUT,BURNOUT,LLLLLLLLLL,LLLL,
59,2026/04/14 14:44,0,315.7,315.7,305.5,23.5,26.8,BURNOUT,BURNOUT,BURNOUT,BURNOUT,BURNOUT,LLLLLLLLLL,LLLL,
60,2026/04/14 14:44,0,316.1,316.2,305.9,23.5,26.8,BURNOUT,BURNOUT,BURNOUT,BURNOUT,BURNOUT,LLLLLLLLLL,LLLL,
61,2026/04/14 14:44,0,316.6,316.7,306.4,23.5,26.8,BURNOUT,BURNOUT,BURNOUT,BURNOUT,BURNOUT,LLLLLLLLLL,LLLL,
62,2026/04/14 14:44,0,317,317.3,306.8,23.5,26.8,BURNOUT,BURNOUT,BURNOUT,BURNOUT,BURNOUT,LLLLLLLLLL,LLLL,
63,2026/04/14 14:44,0,317.4,317.9,307.2,23.5,26.8,BURNOUT,BURNOUT,BURNOUT,BURNOUT,BURNOUT,LLLLLLLLLL,LLLL,
64,2026/04/14 14:44,0,317.8,318.5,307.7,23.5,26.8,BURNOUT,BURNOUT,BURNOUT,BURNOUT,BURNOUT,LLLLLLLLLL,LLLL,
65,2026/04/14 14:44,0,318.2,318.9,308.1,23.5,26.8,BURNOUT,BURNOUT,BURNOUT,BURNOUT,BURNOUT,LLLLLLLLLL,LLLL,
66,2026/04/14 14:44,0,318.6,319.5,308.5,23.5,26.7,BURNOUT,BURNOUT,BURNOUT,BURNOUT,BURNOUT,LLLLLLLLLL,LLLL,
67,2026/04/14 14:44,0,319.1,320,308.9,23.5,26.7,BURNOUT,BURNOUT,BURNOUT,BURNOUT,BURNOUT,LLLLLLLLLL,LLLL,
68,2026/04/14 14:44,0,319.5,320.5,309.4,23.5,26.7,BURNOUT,BURNOUT,BURNOUT,BURNOUT,BURNOUT,LLLLLLLLLL,LLLL,
69,2026/04/14 14:44,0,319.8,321,309.9,23.5,26.7,BURNOUT,BURNOUT,BURNOUT,BURNOUT,BURNOUT,LLLLLLLLLL,LLLL,
70,2026/04/14 14:44,0,320.3,321.6,310.4,23.5,26.6,BURNOUT,BURNOUT,BURNOUT,BURNOUT,BURNOUT,LLLLLLLLLL,LLLL,
71,2026/04/14 14:44,0,320.7,322.1,310.9,23.4,26.6,BURNOUT,BURNOUT,BURNOUT,BURNOUT,BURNOUT,LLLLLLLLLL,LLLL,
72,2026/04/14 14:44,0,321.2,322.7,311.3,23.4,26.6,BURNOUT,BURNOUT,BURNOUT,BURNOUT,BURNOUT,LLLLLLLLLL,LLLL,
73,2026/04/14 14:44,0,321.6,323.2,311.9,23.4,26.6,BURNOUT,BURNOUT,BURNOUT,BURNOUT,BURNOUT,LLLLLLLLLL,LLLL,
74,2026/04/14 14:44,0,322,323.8,312.3,23.4,26.6,BURNOUT,BURNOUT,BURNOUT,BURNOUT,BURNOUT,LLLLLLLLLL,LLLL,
75,2026/04/14 14:44,0,322.4,324.4,312.9,23.4,26.6,BURNOUT,BURNOUT,BURNOUT,BURNOUT,BURNOUT,LLLLLLLLLL,LLLL,
76,2026/04/14 14:44,0,322.9,325,313.3,23.5,26.6,BURNOUT,BURNOUT,BURNOUT,BURNOUT,BURNOUT,LLLLLLLLLL,LLLL,
77,2026/04/14 14:44,0,323.4,325.6,313.9,23.5,26.5,BURNOUT,BURNOUT,BURNOUT,BURNOUT,BURNOUT,LLLLLLLLLL,LLLL,
78,2026/04/14 14:44,0,323.9,326.1,314.4,23.4,26.5,BURNOUT,BURNOUT,BURNOUT,BURNOUT,BURNOUT,LLLLLLLLLL,LLLL,
79,2026/04/14 14:44,0,324.2,326.7,315,23.4,26.5,BURNOUT,BURNOUT,BURNOUT,BURNOUT,BURNOUT,LLLLLLLLLL,LLLL,
80,2026/04/14 14:44,0,324.7,327.2,315.4,23.5,26.5,BURNOUT,BURNOUT,BURNOUT,BURNOUT,BURNOUT,LLLLLLLLLL,LLLL,
81,2026/04/14 14:44,0,325.1,327.9,316,23.5,26.5,BURNOUT,BURNOUT,BURNOUT,BURNOUT,BURNOUT,LLLLLLLLLL,LLLL,
82,2026/04/14 14:44,0,325.6,328.6,316.5,23.4,26.5,BURNOUT,BURNOUT,BURNOUT,BURNOUT,BURNOUT,LLLLLLLLLL,LLLL,
83,2026/04/14 14:44,0,326,329.2,317.1,23.5,26.5,BURNOUT,BURNOUT,BURNOUT,BURNOUT,BURNOUT,LLLLLLLLLL,LLLL,
84,2026/04/14 14:44,0,326.5,329.8,317.7,23.4,26.5,BURNOUT,BURNOUT,BURNOUT,BURNOUT,BURNOUT,LLLLLLLLLL,LLLL,
85,2026/04/14 14:44,0,327,330.6,318.4,23.4,26.5,BURNOUT,BURNOUT,BURNOUT,BURNOUT,BURNOUT,LLLLLLLLLL,LLLL,
86,2026/04/14 14:44,0,327.5,331.2,319,23.4,26.5,BURNOUT,BURNOUT,BURNOUT,BURNOUT,BURNOUT,LLLLLLLLLL,LLLL,
87,2026/04/14 14:44,0,328.3,332,319.5,23.4,26.5,BURNOUT,BURNOUT,BURNOUT,BURNOUT,BURNOUT,LLLLLLLLLL,LLLL,
88,2026/04/14 14:44,0,328.9,332.7,320.1,23.4,26.5,BURNOUT,BURNOUT,BURNOUT,BURNOUT,BURNOUT,LLLLLLLLLL,LLLL,
89,2026/04/14 14:44,0,329.5,333.3,320.9,23.3,26.4,BURNOUT,BURNOUT,BURNOUT,BURNOUT,BURNOUT,LLLLLLLLLL,LLLL,
90,2026/04/14 14:44,0,330.2,334.1,321.5,23.4,26.4,BURNOUT,BURNOUT,BURNOUT,BURNOUT,BURNOUT,LLLLLLLLLL,LLLL,
91,2026/04/14 14:44,0,330.9,264.5,322.1,23.4,26.4,BURNOUT,BURNOUT,BURNOUT,BURNOUT,BURNOUT,LLLLLLLLLL,LLLL,
92,2026/04/14 14:44,0,331.6,335.1,322.3,23.4,26.4,BURNOUT,BURNOUT,BURNOUT,BURNOUT,BURNOUT,LLLLLLLLLL,LLLL,
93,2026/04/14 14:44,0,332.4,336.5,322.3,23.4,26.4,BURNOUT,BURNOUT,BURNOUT,BURNOUT,BURNOUT,LLLLLLLLLL,LLLL,
94,2026/04/14 14:44,0,333.1,331.9,322.1,23.3,26.4,BURNOUT,BURNOUT,BURNOUT,BURNOUT,BURNOUT,LLLLLLLLLL,LLLL,
95,2026/04/14 14:44,0,334,338.1,321.6,23.3,26.3,BURNOUT,BURNOUT,BURNOUT,BURNOUT,BURNOUT,LLLLLLLLLL,LLLL,
96,2026/04/14 14:44,0,334.8,338.9,321,23.4,26.3,BURNOUT,BURNOUT,BURNOUT,BURNOUT,BURNOUT,LLLLLLLLLL,LLLL,
97,2026/04/14 14:44,0,335.5,339.6,320.1,23.3,26.3,BURNOUT,BURNOUT,BURNOUT,BURNOUT,BURNOUT,LLLLLLLLLL,LLLL,
98,2026/04/14 14:45,0,336.2,340.5,319.3,23.3,26.3,BURNOUT,BURNOUT,BURNOUT,BURNOUT,BURNOUT,LLLLLLLLLL,LLLL,
99,2026/04/14 14:45,0,336.9,341.2,318.3,23.3,26.3,BURNOUT,BURNOUT,BURNOUT,BURNOUT,BURNOUT,LLLLLLLLLL,LLLL,
100,2026/04/14 14:45,0,337.1,342,317.2,23.3,26.3,BURNOUT,BURNOUT,BURNOUT,BURNOUT,BURNOUT,LLLLLLLLLL,LLLL,
101,2026/04/14 14:45,0,336.9,343,316,23.3,26.3,BURNOUT,BURNOUT,BURNOUT,BURNOUT,BURNOUT,LLLLLLLLLL,LLLL,
102,2026/04/14 14:45,0,336.5,343.9,314.8,23.4,26.3,BURNOUT,BURNOUT,BURNOUT,BURNOUT,BURNOUT,LLLLLLLLLL,LLLL,
103,2026/04/14 14:45,0,335.8,344.2,313.4,23.4,26.2,BURNOUT,BURNOUT,BURNOUT,BURNOUT,BURNOUT,LLLLLLLLLL,LLLL,
104,2026/04/14 14:45,0,334.8,344.7,312.1,23.4,26.2,BURNOUT,BURNOUT,BURNOUT,BURNOUT,BURNOUT,LLLLLLLLLL,LLLL,
105,2026/04/14 14:45,0,333.7,345,310.8,23.3,26.2,BURNOUT,BURNOUT,BURNOUT,BURNOUT,BURNOUT,LLLLLLLLLL,LLLL,
106,2026/04/14 14:45,0,332.5,345,309.3,23.3,26.2,BURNOUT,BURNOUT,BURNOUT,BURNOUT,BURNOUT,LLLLLLLLLL,LLLL,
107,2026/04/14 14:45,0,331.3,344.7,307.9,23.3,26.2,BURNOUT,BURNOUT,BURNOUT,BURNOUT,BURNOUT,LLLLLLLLLL,LLLL,
108,2026/04/14 14:45,0,330.1,344.4,306.3,23.3,26.2,BURNOUT,BURNOUT,BURNOUT,BURNOUT,BURNOUT,LLLLLLLLLL,LLLL,
109,2026/04/14 14:45,0,328.6,343.9,304.5,23.3,26.2,BURNOUT,BURNOUT,BURNOUT,BURNOUT,BURNOUT,LLLLLLLLLL,LLLL,
110,2026/04/14 14:45,0,327.1,343.2,302.5,23.3,26.2,BURNOUT,BURNOUT,BURNOUT,BURNOUT,BURNOUT,LLLLLLLLLL,LLLL,
111,2026/04/14 14:45,0,325.6,342.4,300.5,23.4,26.2,BURNOUT,BURNOUT,BURNOUT,BURNOUT,BURNOUT,LLLLLLLLLL,LLLL,
112,2026/04/14 14:45,0,323.9,341.5,298.5,23.3,26.2,BURNOUT,BURNOUT,BURNOUT,BURNOUT,BURNOUT,LLLLLLLLLL,LLLL,
113,2026/04/14 14:45,0,322.3,340.5,296.4,23.3,26.2,BURNOUT,BURNOUT,BURNOUT,BURNOUT,BURNOUT,LLLLLLLLLL,LLLL,
114,2026/04/14 14:45,0,320.6,339.4,294.5,23.3,26.2,BURNOUT,BURNOUT,BURNOUT,BURNOUT,BURNOUT,LLLLLLLLLL,LLLL,
115,2026/04/14 14:45,0,318.9,338.3,292.5,23.3,26.1,BURNOUT,BURNOUT,BURNOUT,BURNOUT,BURNOUT,LLLLLLLLLL,LLLL,
116,2026/04/14 14:45,0,317.1,337.1,290.5,23.3,26.1,BURNOUT,BURNOUT,BURNOUT,BURNOUT,BURNOUT,LLLLLLLLLL,LLLL,
117,2026/04/14 14:45,0,315.4,335.9,288.6,23.3,26.1,BURNOUT,BURNOUT,BURNOUT,BURNOUT,BURNOUT,LLLLLLLLLL,LLLL,
118,2026/04/14 14:45,0,313.7,334.5,286.6,23.3,26.1,BURNOUT,BURNOUT,BURNOUT,BURNOUT,BURNOUT,LLLLLLLLLL,LLLL,
119,2026/04/14 14:45,0,312,333.2,284.8,23.4,26.1,BURNOUT,BURNOUT,BURNOUT,BURNOUT,BURNOUT,LLLLLLLLLL,LLLL,
120,2026/04/14 14:45,0,310.2,331.8,282.9,23.3,26.1,BURNOUT,BURNOUT,BURNOUT,BURNOUT,BURNOUT,LLLLLLLLLL,LLLL,
121,2026/04/14 14:45,0,308.5,330.3,281.1,23.3,26,BURNOUT,BURNOUT,BURNOUT,BURNOUT,BURNOUT,LLLLLLLLLL,LLLL,
122,2026/04/14 14:45,0,306.7,328.8,279.3,23.4,26,BURNOUT,BURNOUT,BURNOUT,BURNOUT,BURNOUT,LLLLLLLLLL,LLLL,
123,2026/04/14 14:45,0,304.9,327.3,277.6,23.3,26,BURNOUT,BURNOUT,BURNOUT,BURNOUT,BURNOUT,LLLLLLLLLL,LLLL,
124,2026/04/14 14:45,0,303.2,325.7,275.9,23.3,26,BURNOUT,BURNOUT,BURNOUT,BURNOUT,BURNOUT,LLLLLLLLLL,LLLL,
125,2026/04/14 14:45,0,301.4,324.1,274.2,23.3,26,BURNOUT,BURNOUT,BURNOUT,BURNOUT,BURNOUT,LLLLLLLLLL,LLLL,
126,2026/04/14 14:45,0,299.7,322.6,272.5,23.3,26,BURNOUT,BURNOUT,BURNOUT,BURNOUT,BURNOUT,LLLLLLLLLL,LLLL,
127,2026/04/14 14:45,0,297.9,320.9,270.8,23.4,26,BURNOUT,BURNOUT,BURNOUT,BURNOUT,BURNOUT,LLLLLLLLLL,LLLL,
128,2026/04/14 14:45,0,296.3,319.4,269.1,23.3,26,BURNOUT,BURNOUT,BURNOUT,BURNOUT,BURNOUT,LLLLLLLLLL,LLLL,
129,2026/04/14 14:45,0,294.5,317.7,267.5,23.3,25.9,BURNOUT,BURNOUT,BURNOUT,BURNOUT,BURNOUT,LLLLLLLLLL,LLLL,
130,2026/04/14 14:45,0,292.8,316.1,265.9,23.3,25.9,BURNOUT,BURNOUT,BURNOUT,BURNOUT,BURNOUT,LLLLLLLLLL,LLLL,
131,2026/04/14 14:45,0,291.1,314.4,264.3,23.3,26,BURNOUT,BURNOUT,BURNOUT,BURNOUT,BURNOUT,LLLLLLLLLL,LLLL,
132,2026/04/14 14:45,0,289.4,312.8,262.8,23.3,25.9,BURNOUT,BURNOUT,BURNOUT,BURNOUT,BURNOUT,LLLLLLLLLL,LLLL,
133,2026/04/14 14:45,0,287.7,311.1,261.1,23.3,25.9,BURNOUT,BURNOUT,BURNOUT,BURNOUT,BURNOUT,LLLLLLLLLL,LLLL,
134,2026/04/14 14:45,0,286,309.5,259.6,23.4,25.9,BURNOUT,BURNOUT,BURNOUT,BURNOUT,BURNOUT,LLLLLLLLLL,LLLL,
135,2026/04/14 14:45,0,284.4,307.9,258.1,23.3,25.8,BURNOUT,BURNOUT,BURNOUT,BURNOUT,BURNOUT,LLLLLLLLLL,LLLL,
136,2026/04/14 14:45,0,282.7,306.1,256.6,23.3,25.8,BURNOUT,BURNOUT,BURNOUT,BURNOUT,BURNOUT,LLLLLLLLLL,LLLL,
137,2026/04/14 14:45,0,281.1,304.5,255.2,23.3,25.8,BURNOUT,BURNOUT,BURNOUT,BURNOUT,BURNOUT,LLLLLLLLLL,LLLL,
138,2026/04/14 14:45,0,279.4,302.9,253.7,23.3,25.8,BURNOUT,BURNOUT,BURNOUT,BURNOUT,BURNOUT,LLLLLLLLLL,LLLL,
139,2026/04/14 14:45,0,277.8,301.2,252.2,23.3,25.8,BURNOUT,BURNOUT,BURNOUT,BURNOUT,BURNOUT,LLLLLLLLLL,LLLL,
140,2026/04/14 14:45,0,276.2,299.6,250.8,23.3,25.8,BURNOUT,BURNOUT,BURNOUT,BURNOUT,BURNOUT,LLLLLLLLLL,LLLL,
141,2026/04/14 14:45,0,274.6,298,249.4,23.3,25.8,BURNOUT,BURNOUT,BURNOUT,BURNOUT,BURNOUT,LLLLLLLLLL,LLLL,
142,2026/04/14 14:45,0,273.1,296.4,247.9,23.3,25.8,BURNOUT,BURNOUT,BURNOUT,BURNOUT,BURNOUT,LLLLLLLLLL,LLLL,
143,2026/04/14 14:45,0,271.4,294.7,246.5,23.3,25.8,BURNOUT,BURNOUT,BURNOUT,BURNOUT,BURNOUT,LLLLLLLLLL,LLLL,
144,2026/04/14 14:45,0,270,293.1,245.1,23.3,25.8,BURNOUT,BURNOUT,BURNOUT,BURNOUT,BURNOUT,LLLLLLLLLL,LLLL,
145,2026/04/14 14:45,0,268.3,291.5,243.7,23.4,25.8,BURNOUT,BURNOUT,BURNOUT,BURNOUT,BURNOUT,LLLLLLLLLL,LLLL,
146,2026/04/14 14:45,0,266.9,289.9,242.3,23.3,25.7,BURNOUT,BURNOUT,BURNOUT,BURNOUT,BURNOUT,LLLLLLLLLL,LLLL,
147,2026/04/14 14:45,0,265.3,288.3,241,23.3,25.8,BURNOUT,BURNOUT,BURNOUT,BURNOUT,BURNOUT,LLLLLLLLLL,LLLL,
148,2026/04/14 14:45,0,263.8,286.7,239.7,23.3,25.7,BURNOUT,BURNOUT,BURNOUT,BURNOUT,BURNOUT,LLLLLLLLLL,LLLL,
149,2026/04/14 14:45,0,262.4,285.2,238.4,23.3,25.8,BURNOUT,BURNOUT,BURNOUT,BURNOUT,BURNOUT,LLLLLLLLLL,LLLL,
150,2026/04/14 14:45,0,260.8,283.6,236.9,23.3,25.8,BURNOUT,BURNOUT,BURNOUT,BURNOUT,BURNOUT,LLLLLLLLLL,LLLL,
151,2026/04/14 14:45,0,259.4,282,235.6,23.3,25.7,BURNOUT,BURNOUT,BURNOUT,BURNOUT,BURNOUT,LLLLLLLLLL,LLLL,
152,2026/04/14 14:45,0,257.9,280.4,234.4,23.3,25.7,BURNOUT,BURNOUT,BURNOUT,BURNOUT,BURNOUT,LLLLLLLLLL,LLLL,
153,2026/04/14 14:45,0,256.5,278.9,233.1,23.3,25.7,BURNOUT,BURNOUT,BURNOUT,BURNOUT,BURNOUT,LLLLLLLLLL,LLLL,
154,2026/04/14 14:45,0,255.1,277.3,231.9,23.3,25.7,BURNOUT,BURNOUT,BURNOUT,BURNOUT,BURNOUT,LLLLLLLLLL,LLLL,
155,2026/04/14 14:45,0,253.7,275.9,230.6,23.3,25.7,BURNOUT,BURNOUT,BURNOUT,BURNOUT,BURNOUT,LLLLLLLLLL,LLLL,
156,2026/04/14 14:45,0,252.3,274.4,229.3,23.3,25.7,BURNOUT,BURNOUT,BURNOUT,BURNOUT,BURNOUT,LLLLLLLLLL,LLLL,
157,2026/04/14 14:45,0,250.8,272.9,228.2,23.3,25.7,BURNOUT,BURNOUT,BURNOUT,BURNOUT,BURNOUT,LLLLLLLLLL,LLLL,
158,2026/04/14 14:46,0,249.5,271.4,226.9,23.3,25.7,BURNOUT,BURNOUT,BURNOUT,BURNOUT,BURNOUT,LLLLLLLLLL,LLLL,
159,2026/04/14 14:46,0,248.1,270,225.7,23.3,25.7,BURNOUT,BURNOUT,BURNOUT,BURNOUT,BURNOUT,LLLLLLLLLL,LLLL,
160,2026/04/14 14:46,0,246.7,268.5,224.6,23.3,25.6,BURNOUT,BURNOUT,BURNOUT,BURNOUT,BURNOUT,LLLLLLLLLL,LLLL,
161,2026/04/14 14:46,0,245.3,267,223.4,23.4,25.7,BURNOUT,BURNOUT,BURNOUT,BURNOUT,BURNOUT,LLLLLLLLLL,LLLL,
162,2026/04/14 14:46,0,244,265.6,222.2,23.3,25.6,BURNOUT,BURNOUT,BURNOUT,BURNOUT,BURNOUT,LLLLLLLLLL,LLLL,
163,2026/04/14 14:46,0,242.6,264.1,221.1,23.3,25.6,BURNOUT,BURNOUT,BURNOUT,BURNOUT,BURNOUT,LLLLLLLLLL,LLLL,
164,2026/04/14 14:46,0,241.3,262.8,219.9,23.3,25.6,BURNOUT,BURNOUT,BURNOUT,BURNOUT,BURNOUT,LLLLLLLLLL,LLLL,
165,2026/04/14 14:46,0,240,261.4,218.8,23.3,25.6,BURNOUT,BURNOUT,BURNOUT,BURNOUT,BURNOUT,LLLLLLLLLL,LLLL,
166,2026/04/14 14:46,0,238.7,260,217.6,23.3,25.6,BURNOUT,BURNOUT,BURNOUT,BURNOUT,BURNOUT,LLLLLLLLLL,LLLL,
167,2026/04/14 14:46,0,237.4,258.6,216.6,23.3,25.7,BURNOUT,BURNOUT,BURNOUT,BURNOUT,BURNOUT,LLLLLLLLLL,LLLL,
168,2026/04/14 14:46,0,236.1,257.2,215.5,23.3,25.6,BURNOUT,BURNOUT,BURNOUT,BURNOUT,BURNOUT,LLLLLLLLLL,LLLL,
169,2026/04/14 14:46,0,234.8,255.9,214.3,23.3,25.6,BURNOUT,BURNOUT,BURNOUT,BURNOUT,BURNOUT,LLLLLLLLLL,LLLL,
170,2026/04/14 14:46,0,233.6,254.5,213.2,23.3,25.6,BURNOUT,BURNOUT,BURNOUT,BURNOUT,BURNOUT,LLLLLLLLLL,LLLL,
171,2026/04/14 14:46,0,232.4,253.1,212.1,23.3,25.6,BURNOUT,BURNOUT,BURNOUT,BURNOUT,BURNOUT,LLLLLLLLLL,LLLL,
172,2026/04/14 14:46,0,231.1,251.8,211,23.3,25.5,BURNOUT,BURNOUT,BURNOUT,BURNOUT,BURNOUT,LLLLLLLLLL,LLLL,
173,2026/04/14 14:46,0,230,250.3,210,23.3,25.5,BURNOUT,BURNOUT,BURNOUT,BURNOUT,BURNOUT,LLLLLLLLLL,LLLL,
174,2026/04/14 14:46,0,228.7,249.1,208.9,23.3,25.5,BURNOUT,BURNOUT,BURNOUT,BURNOUT,BURNOUT,LLLLLLLLLL,LLLL,
175,2026/04/14 14:46,0,227.5,247.8,207.9,23.4,25.5,BURNOUT,BURNOUT,BURNOUT,BURNOUT,BURNOUT,LLLLLLLLLL,LLLL,
176,2026/04/14 14:46,0,226.4,246.5,206.8,23.3,25.5,BURNOUT,BURNOUT,BURNOUT,BURNOUT,BURNOUT,LLLLLLLLLL,LLLL,
177,2026/04/14 14:46,0,225.1,245.2,205.7,23.4,25.5,BURNOUT,BURNOUT,BURNOUT,BURNOUT,BURNOUT,LLLLLLLLLL,LLLL,
178,2026/04/14 14:46,0,224,243.9,204.7,23.3,25.5,BURNOUT,BURNOUT,BURNOUT,BURNOUT,BURNOUT,LLLLLLLLLL,LLLL,
179,2026/04/14 14:46,0,222.9,242.6,203.7,23.3,25.5,BURNOUT,BURNOUT,BURNOUT,BURNOUT,BURNOUT,LLLLLLLLLL,LLLL,
180,2026/04/14 14:46,0,221.8,241.3,202.7,23.3,25.5,BURNOUT,BURNOUT,BURNOUT,BURNOUT,BURNOUT,LLLLLLLLLL,LLLL,
181,2026/04/14 14:46,0,220.5,240,201.6,23.3,25.5,BURNOUT,BURNOUT,BURNOUT,BURNOUT,BURNOUT,LLLLLLLLLL,LLLL,
182,2026/04/14 14:46,0,219.4,238.7,200.6,23.3,25.5,BURNOUT,BURNOUT,BURNOUT,BURNOUT,BURNOUT,LLLLLLLLLL,LLLL,
183,2026/04/14 14:46,0,218.3,237.5,199.5,23.3,25.5,BURNOUT,BURNOUT,BURNOUT,BURNOUT,BURNOUT,LLLLLLLLLL,LLLL,
184,2026/04/14 14:46,0,217.1,236.3,198.5,23.3,25.5,BURNOUT,BURNOUT,BURNOUT,BURNOUT,BURNOUT,LLLLLLLLLL,LLLL,
185,2026/04/14 14:46,0,216,235.1,197.5,23.3,25.5,BURNOUT,BURNOUT,BURNOUT,BURNOUT,BURNOUT,LLLLLLLLLL,LLLL,
186,2026/04/14 14:46,0,214.9,233.9,196.6,23.3,25.5,BURNOUT,BURNOUT,BURNOUT,BURNOUT,BURNOUT,LLLLLLLLLL,LLLL,
187,2026/04/14 14:46,0,213.7,232.7,195.6,23.3,25.5,BURNOUT,BURNOUT,BURNOUT,BURNOUT,BURNOUT,LLLLLLLLLL,LLLL,
188,2026/04/14 14:46,0,212.7,231.4,194.6,23.3,25.5,BURNOUT,BURNOUT,BURNOUT,BURNOUT,BURNOUT,LLLLLLLLLL,LLLL,
189,2026/04/14 14:46,0,211.6,230.3,193.6,23.3,25.5,BURNOUT,BURNOUT,BURNOUT,BURNOUT,BURNOUT,LLLLLLLLLL,LLLL,
190,2026/04/14 14:46,0,210.5,229,192.6,23.3,25.4,BURNOUT,BURNOUT,BURNOUT,BURNOUT,BURNOUT,LLLLLLLLLL,LLLL,
191,2026/04/14 14:46,0,209.4,227.9,191.6,23.3,25.5,BURNOUT,BURNOUT,BURNOUT,BURNOUT,BURNOUT,LLLLLLLLLL,LLLL,
192,2026/04/14 14:46,0,208.4,226.6,190.6,23.3,25.4,BURNOUT,BURNOUT,BURNOUT,BURNOUT,BURNOUT,LLLLLLLLLL,LLLL,
193,2026/04/14 14:46,0,207.3,225.5,189.8,23.3,25.4,BURNOUT,BURNOUT,BURNOUT,BURNOUT,BURNOUT,LLLLLLLLLL,LLLL,
194,2026/04/14 14:46,0,206.2,224.3,188.8,23.3,25.4,BURNOUT,BURNOUT,BURNOUT,BURNOUT,BURNOUT,LLLLLLLLLL,LLLL,
195,2026/04/14 14:46,0,205.2,223.2,187.8,23.3,25.4,BURNOUT,BURNOUT,BURNOUT,BURNOUT,BURNOUT,LLLLLLLLLL,LLLL,
196,2026/04/14 14:46,0,204.2,222.1,186.9,23.3,25.4,BURNOUT,BURNOUT,BURNOUT,BURNOUT,BURNOUT,LLLLLLLLLL,LLLL,
197,2026/04/14 14:46,0,203.1,221,186,23.3,25.4,BURNOUT,BURNOUT,BURNOUT,BURNOUT,BURNOUT,LLLLLLLLLL,LLLL,
198,2026/04/14 14:46,0,202,219.8,185.1,23.3,25.4,BURNOUT,BURNOUT,BURNOUT,BURNOUT,BURNOUT,LLLLLLLLLL,LLLL,
199,2026/04/14 14:46,0,201,218.8,184.2,23.3,25.4,BURNOUT,BURNOUT,BURNOUT,BURNOUT,BURNOUT,LLLLLLLLLL,LLLL,
200,2026/04/14 14:46,0,200,217.6,183.2,23.3,25.2,BURNOUT,BURNOUT,BURNOUT,BURNOUT,BURNOUT,LLLLLLLLLL,LLLL,
201,2026/04/14 14:46,0,199,216.5,182.4,23.3,25.2,BURNOUT,BURNOUT,BURNOUT,BURNOUT,BURNOUT,LLLLLLLLLL,LLLL,
202,2026/04/14 14:46,0,198,215.5,181.5,23.3,25.2,BURNOUT,BURNOUT,BURNOUT,BURNOUT,BURNOUT,LLLLLLLLLL,LLLL,
203,2026/04/14 14:46,0,197,214.3,180.6,23.3,25.2,BURNOUT,BURNOUT,BURNOUT,BURNOUT,BURNOUT,LLLLLLLLLL,LLLL,
204,2026/04/14 14:46,0,196.1,213.3,179.8,23.3,25.2,BURNOUT,BURNOUT,BURNOUT,BURNOUT,BURNOUT,LLLLLLLLLL,LLLL,
205,2026/04/14 14:46,0,195.1,212.2,178.9,23.3,25.2,BURNOUT,BURNOUT,BURNOUT,BURNOUT,BURNOUT,LLLLLLLLLL,LLLL,
206,2026/04/14 14:46,0,194.2,211.2,178.1,23.3,25.2,BURNOUT,BURNOUT,BURNOUT,BURNOUT,BURNOUT,LLLLLLLLLL,LLLL,
207,2026/04/14 14:46,0,193.2,210.2,177.3,23.3,25.2,BURNOUT,BURNOUT,BURNOUT,BURNOUT,BURNOUT,LLLLLLLLLL,LLLL,
208,2026/04/14 14:46,0,192.3,209.1,176.4,23.3,25.2,BURNOUT,BURNOUT,BURNOUT,BURNOUT,BURNOUT,LLLLLLLLLL,LLLL,
209,2026/04/14 14:46,0,191.3,208.1,175.6,23.3,25.2,BURNOUT,BURNOUT,BURNOUT,BURNOUT,BURNOUT,LLLLLLLLLL,LLLL,
210,2026/04/14 14:46,0,190.4,207.1,174.8,23.3,25.2,BURNOUT,BURNOUT,BURNOUT,BURNOUT,BURNOUT,LLLLLLLLLL,LLLL,
211,2026/04/14 14:46,0,189.5,206.1,173.9,23.3,25.2,BURNOUT,BURNOUT,BURNOUT,BURNOUT,BURNOUT,LLLLLLLLLL,LLLL,
212,2026/04/14 14:46,0,188.6,205,173.3,23.4,25.2,BURNOUT,BURNOUT,BURNOUT,BURNOUT,BURNOUT,LLLLLLLLLL,LLLL,
213,2026/04/14 14:46,0,187.8,204,172.4,23.4,25.1,BURNOUT,BURNOUT,BURNOUT,BURNOUT,BURNOUT,LLLLLLLLLL,LLLL,
214,2026/04/14 14:46,0,186.8,203.1,171.7,23.4,25.1,BURNOUT,BURNOUT,BURNOUT,BURNOUT,BURNOUT,LLLLLLLLLL,LLLL,
215,2026/04/14 14:46,0,186,202,170.9,23.4,25.2,BURNOUT,BURNOUT,BURNOUT,BURNOUT,BURNOUT,LLLLLLLLLL,LLLL,
216,2026/04/14 14:46,0,185.1,201.1,170.1,23.4,25.2,BURNOUT,BURNOUT,BURNOUT,BURNOUT,BURNOUT,LLLLLLLLLL,LLLL,
217,2026/04/14 14:46,0,184.3,200.1,169.4,23.4,25.1,BURNOUT,BURNOUT,BURNOUT,BURNOUT,BURNOUT,LLLLLLLLLL,LLLL,
218,2026/04/14 14:47,0,183.4,199.1,168.6,23.4,25.1,BURNOUT,BURNOUT,BURNOUT,BURNOUT,BURNOUT,LLLLLLLLLL,LLLL,
219,2026/04/14 14:47,0,182.5,198.2,167.8,23.4,25.1,BURNOUT,BURNOUT,BURNOUT,BURNOUT,BURNOUT,LLLLLLLLLL,LLLL,
220,2026/04/14 14:47,0,181.8,197.3,167,23.4,25.1,BURNOUT,BURNOUT,BURNOUT,BURNOUT,BURNOUT,LLLLLLLLLL,LLLL,
221,2026/04/14 14:47,0,181.4,196.3,166.3,23.4,25.1,BURNOUT,BURNOUT,BURNOUT,BURNOUT,BURNOUT,LLLLLLLLLL,LLLL,
222,2026/04/14 14:47,0,181.5,195.4,165.5,23.4,25.1,BURNOUT,BURNOUT,BURNOUT,BURNOUT,BURNOUT,LLLLLLLLLL,LLLL,
223,2026/04/14 14:47,0,181.8,194.4,164.8,23.4,25.1,BURNOUT,BURNOUT,BURNOUT,BURNOUT,BURNOUT,LLLLLLLLLL,LLLL,
224,2026/04/14 14:47,0,181.9,193.5,164.1,23.4,25,BURNOUT,BURNOUT,BURNOUT,BURNOUT,BURNOUT,LLLLLLLLLL,LLLL,
225,2026/04/14 14:47,0,182.1,192.6,163.3,23.4,25.1,BURNOUT,BURNOUT,BURNOUT,BURNOUT,BURNOUT,LLLLLLLLLL,LLLL,
226,2026/04/14 14:47,0,182.3,191.8,162.6,23.4,25.1,BURNOUT,BURNOUT,BURNOUT,BURNOUT,BURNOUT,LLLLLLLLLL,LLLL,
227,2026/04/14 14:47,0,182.4,190.8,161.8,23.4,25,BURNOUT,BURNOUT,BURNOUT,BURNOUT,BURNOUT,LLLLLLLLLL,LLLL,
228,2026/04/14 14:47,0,182.5,190,161.1,23.4,25,BURNOUT,BURNOUT,BURNOUT,BURNOUT,BURNOUT,LLLLLLLLLL,LLLL,
229,2026/04/14 14:47,0,182.6,189.1,160.4,23.4,25,BURNOUT,BURNOUT,BURNOUT,BURNOUT,BURNOUT,LLLLLLLLLL,LLLL,
230,2026/04/14 14:47,0,182.5,188.1,159.6,23.3,25,BURNOUT,BURNOUT,BURNOUT,BURNOUT,BURNOUT,LLLLLLLLLL,LLLL,
231,2026/04/14 14:47,0,182.5,187.3,158.9,23.3,25,BURNOUT,BURNOUT,BURNOUT,BURNOUT,BURNOUT,LLLLLLLLLL,LLLL,
232,2026/04/14 14:47,0,182.4,186.4,158.2,23.3,25,BURNOUT,BURNOUT,BURNOUT,BURNOUT,BURNOUT,LLLLLLLLLL,LLLL,
233,2026/04/14 14:47,0,182.4,185.6,157.4,23.3,25,BURNOUT,BURNOUT,BURNOUT,BURNOUT,BURNOUT,LLLLLLLLLL,LLLL,
234,2026/04/14 14:47,0,182.3,184.7,156.8,23.4,24.9,BURNOUT,BURNOUT,BURNOUT,BURNOUT,BURNOUT,LLLLLLLLLL,LLLL,
235,2026/04/14 14:47,0,182.1,183.9,156,23.3,24.9,BURNOUT,BURNOUT,BURNOUT,BURNOUT,BURNOUT,LLLLLLLLLL,LLLL,
236,2026/04/14 14:47,0,181.9,183,155.4,23.3,25,BURNOUT,BURNOUT,BURNOUT,BURNOUT,BURNOUT,LLLLLLLLLL,LLLL,
237,2026/04/14 14:47,0,181.8,182.2,154.6,23.3,24.9,BURNOUT,BURNOUT,BURNOUT,BURNOUT,BURNOUT,LLLLLLLLLL,LLLL,
238,2026/04/14 14:47,0,181.6,181.4,154,23.3,24.9,BURNOUT,BURNOUT,BURNOUT,BURNOUT,BURNOUT,LLLLLLLLLL,LLLL,
239,2026/04/14 14:47,0,181.4,180.5,153.3,23.3,24.9,BURNOUT,BURNOUT,BURNOUT,BURNOUT,BURNOUT,LLLLLLLLLL,LLLL,
240,2026/04/14 14:47,0,181.1,179.7,152.6,23.3,24.9,BURNOUT,BURNOUT,BURNOUT,BURNOUT,BURNOUT,LLLLLLLLLL,LLLL,
241,2026/04/14 14:47,0,180.9,178.9,152,23.3,24.9,BURNOUT,BURNOUT,BURNOUT,BURNOUT,BURNOUT,LLLLLLLLLL,LLLL,
242,2026/04/14 14:47,0,180.6,178.1,151.3,23.3,24.9,BURNOUT,BURNOUT,BURNOUT,BURNOUT,BURNOUT,LLLLLLLLLL,LLLL,
243,2026/04/14 14:47,0,180.3,177.3,150.6,23.3,24.9,BURNOUT,BURNOUT,BURNOUT,BURNOUT,BURNOUT,LLLLLLLLLL,LLLL,
244,2026/04/14 14:47,0,180.1,176.5,149.9,23.4,24.9,BURNOUT,BURNOUT,BURNOUT,BURNOUT,BURNOUT,LLLLLLLLLL,LLLL,
245,2026/04/14 14:47,0,179.8,175.8,149.3,23.3,24.9,BURNOUT,BURNOUT,BURNOUT,BURNOUT,BURNOUT,LLLLLLLLLL,LLLL,
246,2026/04/14 14:47,0,179.5,175,148.7,23.3,24.9,BURNOUT,BURNOUT,BURNOUT,BURNOUT,BURNOUT,LLLLLLLLLL,LLLL,
247,2026/04/14 14:47,0,179.2,174.2,148.1,23.3,24.9,BURNOUT,BURNOUT,BURNOUT,BURNOUT,BURNOUT,LLLLLLLLLL,LLLL,
248,2026/04/14 14:47,0,178.9,173.4,147.5,23.3,24.9,BURNOUT,BURNOUT,BURNOUT,BURNOUT,BURNOUT,LLLLLLLLLL,LLLL,
249,2026/04/14 14:47,0,178.6,172.6,146.8,23.4,24.9,BURNOUT,BURNOUT,BURNOUT,BURNOUT,BURNOUT,LLLLLLLLLL,LLLL,
250,2026/04/14 14:47,0,178.3,171.9,146.2,23.3,24.8,BURNOUT,BURNOUT,BURNOUT,BURNOUT,BURNOUT,LLLLLLLLLL,LLLL,
251,2026/04/14 14:47,0,177.9,171.2,145.5,23.3,24.8,BURNOUT,BURNOUT,BURNOUT,BURNOUT,BURNOUT,LLLLLLLLLL,LLLL,
252,2026/04/14 14:47,0,177.6,170.4,144.9,23.3,24.8,BURNOUT,BURNOUT,BURNOUT,BURNOUT,BURNOUT,LLLLLLLLLL,LLLL,
253,2026/04/14 14:47,0,177.2,169.7,144.3,23.3,24.8,BURNOUT,BURNOUT,BURNOUT,BURNOUT,BURNOUT,LLLLLLLLLL,LLLL,
254,2026/04/14 14:47,0,176.9,168.9,143.7,23.3,24.9,BURNOUT,BURNOUT,BURNOUT,BURNOUT,BURNOUT,LLLLLLLLLL,LLLL,
255,2026/04/14 14:47,0,176.5,168.2,143.1,23.4,24.9,BURNOUT,BURNOUT,BURNOUT,BURNOUT,BURNOUT,LLLLLLLLLL,LLLL,
256,2026/04/14 14:47,0,176.1,167.5,142.5,23.4,24.8,BURNOUT,BURNOUT,BURNOUT,BURNOUT,BURNOUT,LLLLLLLLLL,LLLL,
257,2026/04/14 14:47,0,175.8,166.8,141.8,23.3,24.8,BURNOUT,BURNOUT,BURNOUT,BURNOUT,BURNOUT,LLLLLLLLLL,LLLL,
258,2026/04/14 14:47,0,175.3,166,141.2,23.3,24.7,BURNOUT,BURNOUT,BURNOUT,BURNOUT,BURNOUT,LLLLLLLLLL,LLLL,
259,2026/04/14 14:47,0,175,165.3,140.6,23.3,24.8,BURNOUT,BURNOUT,BURNOUT,BURNOUT,BURNOUT,LLLLLLLLLL,LLLL,
260,2026/04/14 14:47,0,174.6,164.6,140,23.3,24.8,BURNOUT,BURNOUT,BURNOUT,BURNOUT,BURNOUT,LLLLLLLLLL,LLLL,
261,2026/04/14 14:47,0,174.1,163.9,139.4,23.3,24.7,BURNOUT,BURNOUT,BURNOUT,BURNOUT,BURNOUT,LLLLLLLLLL,LLLL,
262,2026/04/14 14:47,0,173.8,163.2,138.8,23.3,24.7,BURNOUT,BURNOUT,BURNOUT,BURNOUT,BURNOUT,LLLLLLLLLL,LLLL,
263,2026/04/14 14:47,0,173.4,162.6,138.3,23.3,24.7,BURNOUT,BURNOUT,BURNOUT,BURNOUT,BURNOUT,LLLLLLLLLL,LLLL,
264,2026/04/14 14:47,0,172.9,161.9,137.6,23.4,24.7,BURNOUT,BURNOUT,BURNOUT,BURNOUT,BURNOUT,LLLLLLLLLL,LLLL,
265,2026/04/14 14:47,0,172.6,161.3,137.1,23.3,24.7,BURNOUT,BURNOUT,BURNOUT,BURNOUT,BURNOUT,LLLLLLLLLL,LLLL,
266,2026/04/14 14:47,0,172.1,160.7,136.5,23.3,24.7,BURNOUT,BURNOUT,BURNOUT,BURNOUT,BURNOUT,LLLLLLLLLL,LLLL,
267,2026/04/14 14:47,0,171.8,160.2,136,23.3,24.7,BURNOUT,BURNOUT,BURNOUT,BURNOUT,BURNOUT,LLLLLLLLLL,LLLL,
268,2026/04/14 14:47,0,171.3,159.6,135.4,23.3,24.7,BURNOUT,BURNOUT,BURNOUT,BURNOUT,BURNOUT,LLLLLLLLLL,LLLL,
269,2026/04/14 14:47,0,170.9,159.1,134.9,23.3,24.7,BURNOUT,BURNOUT,BURNOUT,BURNOUT,BURNOUT,LLLLLLLLLL,LLLL,
270,2026/04/14 14:47,0,170.4,158.6,134.3,23.3,24.7,BURNOUT,BURNOUT,BURNOUT,BURNOUT,BURNOUT,LLLLLLLLLL,LLLL,
271,2026/04/14 14:47,0,170.1,158.2,133.8,23.3,24.7,BURNOUT,BURNOUT,BURNOUT,BURNOUT,BURNOUT,LLLLLLLLLL,LLLL,
272,2026/04/14 14:47,0,169.6,157.8,133.3,23.4,24.7,BURNOUT,BURNOUT,BURNOUT,BURNOUT,BURNOUT,LLLLLLLLLL,LLLL,
273,2026/04/14 14:47,0,169.2,157.3,132.7,23.3,24.7,BURNOUT,BURNOUT,BURNOUT,BURNOUT,BURNOUT,LLLLLLLLLL,LLLL,
274,2026/04/14 14:47,0,168.7,156.9,132.2,23.3,24.7,BURNOUT,BURNOUT,BURNOUT,BURNOUT,BURNOUT,LLLLLLLLLL,LLLL,
275,2026/04/14 14:47,0,168.3,156.6,131.6,23.3,24.7,BURNOUT,BURNOUT,BURNOUT,BURNOUT,BURNOUT,LLLLLLLLLL,LLLL,
276,2026/04/14 14:47,0,167.9,156.3,131.1,23.3,24.7,BURNOUT,BURNOUT,BURNOUT,BURNOUT,BURNOUT,LLLLLLLLLL,LLLL,
277,2026/04/14 14:47,0,167.4,155.9,130.6,23.3,24.7,BURNOUT,BURNOUT,BURNOUT,BURNOUT,BURNOUT,LLLLLLLLLL,LLLL,
278,2026/04/14 14:48,0,166.9,155.5,130,23.3,24.7,BURNOUT,BURNOUT,BURNOUT,BURNOUT,BURNOUT,LLLLLLLLLL,LLLL,
279,2026/04/14 14:48,0,166.6,155.1,129.5,23.3,24.7,BURNOUT,BURNOUT,BURNOUT,BURNOUT,BURNOUT,LLLLLLLLLL,LLLL,
280,2026/04/14 14:48,0,166.1,154.8,129,23.3,24.7,BURNOUT,BURNOUT,BURNOUT,BURNOUT,BURNOUT,LLLLLLLLLL,LLLL,
281,2026/04/14 14:48,0,165.6,154.4,128.6,23.3,24.7,BURNOUT,BURNOUT,BURNOUT,BURNOUT,BURNOUT,LLLLLLLLLL,LLLL,
282,2026/04/14 14:48,0,165.1,154.1,128,23.3,24.7,BURNOUT,BURNOUT,BURNOUT,BURNOUT,BURNOUT,LLLLLLLLLL,LLLL,
283,2026/04/14 14:48,0,164.7,153.8,127.5,23.3,24.7,BURNOUT,BURNOUT,BURNOUT,BURNOUT,BURNOUT,LLLLLLLLLL,LLLL,
284,2026/04/14 14:48,0,164.2,153.4,127,23.3,24.7,BURNOUT,BURNOUT,BURNOUT,BURNOUT,BURNOUT,LLLLLLLLLL,LLLL,
285,2026/04/14 14:48,0,163.8,153,126.5,23.3,24.7,BURNOUT,BURNOUT,BURNOUT,BURNOUT,BURNOUT,LLLLLLLLLL,LLLL,
286,2026/04/14 14:48,0,163.3,152.7,126,23.3,24.6,BURNOUT,BURNOUT,BURNOUT,BURNOUT,BURNOUT,LLLLLLLLLL,LLLL,
287,2026/04/14 14:48,0,162.8,152.3,125.6,23.3,24.6,BURNOUT,BURNOUT,BURNOUT,BURNOUT,BURNOUT,LLLLLLLLLL,LLLL,
288,2026/04/14 14:48,0,162.3,152,125.1,23.3,24.6,BURNOUT,BURNOUT,BURNOUT,BURNOUT,BURNOUT,LLLLLLLLLL,LLLL,
289,2026/04/14 14:48,0,161.9,151.6,124.6,23.3,24.6,BURNOUT,BURNOUT,BURNOUT,BURNOUT,BURNOUT,LLLLLLLLLL,LLLL,
290,2026/04/14 14:48,0,161.5,151.3,124.1,23.4,24.7,BURNOUT,BURNOUT,BURNOUT,BURNOUT,BURNOUT,LLLLLLLLLL,LLLL,
291,2026/04/14 14:48,0,161,151,123.7,23.3,24.7,BURNOUT,BURNOUT,BURNOUT,BURNOUT,BURNOUT,LLLLLLLLLL,LLLL,
292,2026/04/14 14:48,0,160.5,150.5,123.2,23.4,24.7,BURNOUT,BURNOUT,BURNOUT,BURNOUT,BURNOUT,LLLLLLLLLL,LLLL,
293,2026/04/14 14:48,0,160.1,150.2,122.7,23.4,24.7,BURNOUT,BURNOUT,BURNOUT,BURNOUT,BURNOUT,LLLLLLLLLL,LLLL,
294,2026/04/14 14:48,0,159.6,149.8,122.3,23.4,24.7,BURNOUT,BURNOUT,BURNOUT,BURNOUT,BURNOUT,LLLLLLLLLL,LLLL,
295,2026/04/14 14:48,0,159.1,149.4,121.8,23.4,24.7,BURNOUT,BURNOUT,BURNOUT,BURNOUT,BURNOUT,LLLLLLLLLL,LLLL,
296,2026/04/14 14:48,0,158.6,149.1,121.3,23.3,24.6,BURNOUT,BURNOUT,BURNOUT,BURNOUT,BURNOUT,LLLLLLLLLL,LLLL,
297,2026/04/14 14:48,0,158.1,148.7,120.9,23.4,24.6,BURNOUT,BURNOUT,BURNOUT,BURNOUT,BURNOUT,LLLLLLLLLL,LLLL,
298,2026/04/14 14:48,0,157.7,148.3,120.4,23.4,24.7,BURNOUT,BURNOUT,BURNOUT,BURNOUT,BURNOUT,LLLLLLLLLL,LLLL,
299,2026/04/14 14:48,0,157.3,148,119.9,23.4,24.6,BURNOUT,BURNOUT,BURNOUT,BURNOUT,BURNOUT,LLLLLLLLLL,LLLL,
300,2026/04/14 14:48,0,156.7,147.6,119.6,23.4,24.6,BURNOUT,BURNOUT,BURNOUT,BURNOUT,BURNOUT,LLLLLLLLLL,LLLL,
301,2026/04/14 14:48,0,156.3,147.2,119.2,23.4,24.6,BURNOUT,BURNOUT,BURNOUT,BURNOUT,BURNOUT,LLLLLLLLLL,LLLL,
302,2026/04/14 14:48,0,155.8,146.8,118.7,23.4,24.6,BURNOUT,BURNOUT,BURNOUT,BURNOUT,BURNOUT,LLLLLLLLLL,LLLL,
303,2026/04/14 14:48,0,155.3,146.5,118.2,23.4,24.6,BURNOUT,BURNOUT,BURNOUT,BURNOUT,BURNOUT,LLLLLLLLLL,LLLL,
304,2026/04/14 14:48,0,154.8,146.1,117.8,23.4,24.6,BURNOUT,BURNOUT,BURNOUT,BURNOUT,BURNOUT,LLLLLLLLLL,LLLL,
305,2026/04/14 14:48,0,154.3,145.7,117.3,23.3,24.6,BURNOUT,BURNOUT,BURNOUT,BURNOUT,BURNOUT,LLLLLLLLLL,LLLL,
306,2026/04/14 14:48,0,153.8,145.4,116.9,23.4,24.6,BURNOUT,BURNOUT,BURNOUT,BURNOUT,BURNOUT,LLLLLLLLLL,LLLL,
307,2026/04/14 14:48,0,153.4,145,116.4,23.4,24.6,BURNOUT,BURNOUT,BURNOUT,BURNOUT,BURNOUT,LLLLLLLLLL,LLLL,
308,2026/04/14 14:48,0,152.8,144.6,116,23.3,24.6,BURNOUT,BURNOUT,BURNOUT,BURNOUT,BURNOUT,LLLLLLLLLL,LLLL,
309,2026/04/14 14:48,0,152.3,144.2,115.9,23.4,24.6,BURNOUT,BURNOUT,BURNOUT,BURNOUT,BURNOUT,LLLLLLLLLL,LLLL,
310,2026/04/14 14:48,0,151.9,143.8,115.6,23.3,24.6,BURNOUT,BURNOUT,BURNOUT,BURNOUT,BURNOUT,LLLLLLLLLL,LLLL,
311,2026/04/14 14:48,0,151.4,143.4,115.1,23.3,24.5,BURNOUT,BURNOUT,BURNOUT,BURNOUT,BURNOUT,LLLLLLLLLL,LLLL,
312,2026/04/14 14:48,0,151,143.1,114.6,23.4,24.5,BURNOUT,BURNOUT,BURNOUT,BURNOUT,BURNOUT,LLLLLLLLLL,LLLL,
313,2026/04/14 14:48,0,150.4,142.8,114.3,23.3,24.6,BURNOUT,BURNOUT,BURNOUT,BURNOUT,BURNOUT,LLLLLLLLLL,LLLL,
314,2026/04/14 14:48,0,149.9,142.4,113.8,23.3,24.5,BURNOUT,BURNOUT,BURNOUT,BURNOUT,BURNOUT,LLLLLLLLLL,LLLL,
315,2026/04/14 14:48,0,149.5,142,113.2,23.3,24.5,BURNOUT,BURNOUT,BURNOUT,BURNOUT,BURNOUT,LLLLLLLLLL,LLLL,
316,2026/04/14 14:48,0,149,141.7,112.7,23.4,24.5,BURNOUT,BURNOUT,BURNOUT,BURNOUT,BURNOUT,LLLLLLLLLL,LLLL,
317,2026/04/14 14:48,0,148.5,141.3,112.3,23.3,24.5,BURNOUT,BURNOUT,BURNOUT,BURNOUT,BURNOUT,LLLLLLLLLL,LLLL,
318,2026/04/14 14:48,0,148,141,111.9,23.3,24.5,BURNOUT,BURNOUT,BURNOUT,BURNOUT,BURNOUT,LLLLLLLLLL,LLLL,
319,2026/04/14 14:48,0,147.5,140.6,111.5,23.4,24.5,BURNOUT,BURNOUT,BURNOUT,BURNOUT,BURNOUT,LLLLLLLLLL,LLLL,
320,2026/04/14 14:48,0,147,140.2,111,23.4,24.4,BURNOUT,BURNOUT,BURNOUT,BURNOUT,BURNOUT,LLLLLLLLLL,LLLL,
321,2026/04/14 14:48,0,146.5,139.9,110.6,23.4,24.5,BURNOUT,BURNOUT,BURNOUT,BURNOUT,BURNOUT,LLLLLLLLLL,LLLL,
322,2026/04/14 14:48,0,146,139.5,110.2,23.4,24.5,BURNOUT,BURNOUT,BURNOUT,BURNOUT,BURNOUT,LLLLLLLLLL,LLLL,
323,2026/04/14 14:48,0,145.5,139.1,109.8,23.3,24.4,BURNOUT,BURNOUT,BURNOUT,BURNOUT,BURNOUT,LLLLLLLLLL,LLLL,
324,2026/04/14 14:48,0,145,138.8,109.3,23.3,24.4,BURNOUT,BURNOUT,BURNOUT,BURNOUT,BURNOUT,LLLLLLLLLL,LLLL,
325,2026/04/14 14:48,0,144.6,138.4,108.9,23.3,24.4,BURNOUT,BURNOUT,BURNOUT,BURNOUT,BURNOUT,LLLLLLLLLL,LLLL,
326,2026/04/14 14:48,0,144.1,138,108.5,23.4,24.4,BURNOUT,BURNOUT,BURNOUT,BURNOUT,BURNOUT,LLLLLLLLLL,LLLL,
327,2026/04/14 14:48,0,143.6,137.6,108.1,23.4,24.4,BURNOUT,BURNOUT,BURNOUT,BURNOUT,BURNOUT,LLLLLLLLLL,LLLL,
328,2026/04/14 14:48,0,143.1,137.3,107.7,23.3,24.4,BURNOUT,BURNOUT,BURNOUT,BURNOUT,BURNOUT,LLLLLLLLLL,LLLL,
329,2026/04/14 14:48,0,142.6,137,107.3,23.4,24.4,BURNOUT,BURNOUT,BURNOUT,BURNOUT,BURNOUT,LLLLLLLLLL,LLLL,
330,2026/04/14 14:48,0,142.1,136.6,106.9,23.4,24.4,BURNOUT,BURNOUT,BURNOUT,BURNOUT,BURNOUT,LLLLLLLLLL,LLLL,
331,2026/04/14 14:48,0,141.7,136.2,106.4,23.4,24.4,BURNOUT,BURNOUT,BURNOUT,BURNOUT,BURNOUT,LLLLLLLLLL,LLLL,
332,2026/04/14 14:48,0,141.2,135.9,106.1,23.3,24.4,BURNOUT,BURNOUT,BURNOUT,BURNOUT,BURNOUT,LLLLLLLLLL,LLLL,
333,2026/04/14 14:48,0,140.7,135.4,105.6,23.4,24.4,BURNOUT,BURNOUT,BURNOUT,BURNOUT,BURNOUT,LLLLLLLLLL,LLLL,
334,2026/04/14 14:48,0,140.2,135,105.2,23.4,24.4,BURNOUT,BURNOUT,BURNOUT,BURNOUT,BURNOUT,LLLLLLLLLL,LLLL,
335,2026/04/14 14:48,0,139.7,134.7,104.8,23.3,24.4,BURNOUT,BURNOUT,BURNOUT,BURNOUT,BURNOUT,LLLLLLLLLL,LLLL,
336,2026/04/14 14:48,0,139.2,134.4,104.4,23.4,24.4,BURNOUT,BURNOUT,BURNOUT,BURNOUT,BURNOUT,LLLLLLLLLL,LLLL,
337,2026/04/14 14:48,0,138.8,133.9,104,23.4,24.4,BURNOUT,BURNOUT,BURNOUT,BURNOUT,BURNOUT,LLLLLLLLLL,LLLL,
338,2026/04/14 14:49,0,138.3,133.6,103.6,23.3,24.4,BURNOUT,BURNOUT,BURNOUT,BURNOUT,BURNOUT,LLLLLLLLLL,LLLL,
339,2026/04/14 14:49,0,137.8,133.3,103.3,23.4,24.4,BURNOUT,BURNOUT,BURNOUT,BURNOUT,BURNOUT,LLLLLLLLLL,LLLL,
340,2026/04/14 14:49,0,137.3,132.9,102.8,23.4,24.4,BURNOUT,BURNOUT,BURNOUT,BURNOUT,BURNOUT,LLLLLLLLLL,LLLL,
341,2026/04/14 14:49,0,136.8,132.5,102.4,23.3,24.4,BURNOUT,BURNOUT,BURNOUT,BURNOUT,BURNOUT,LLLLLLLLLL,LLLL,
342,2026/04/14 14:49,0,136.4,132.2,102.1,23.4,24.4,BURNOUT,BURNOUT,BURNOUT,BURNOUT,BURNOUT,LLLLLLLLLL,LLLL,
343,2026/04/14 14:49,0,135.9,131.9,101.7,23.3,24.4,BURNOUT,BURNOUT,BURNOUT,BURNOUT,BURNOUT,LLLLLLLLLL,LLLL,
344,2026/04/14 14:49,0,135.5,131.5,101.3,23.4,24.4,BURNOUT,BURNOUT,BURNOUT,BURNOUT,BURNOUT,LLLLLLLLLL,LLLL,
345,2026/04/14 14:49,0,135,131.1,101,23.3,24.4,BURNOUT,BURNOUT,BURNOUT,BURNOUT,BURNOUT,LLLLLLLLLL,LLLL,
346,2026/04/14 14:49,0,134.5,130.8,100.5,23.3,24.4,BURNOUT,BURNOUT,BURNOUT,BURNOUT,BURNOUT,LLLLLLLLLL,LLLL,
347,2026/04/14 14:49,0,134,130.4,100.2,23.4,24.4,BURNOUT,BURNOUT,BURNOUT,BURNOUT,BURNOUT,LLLLLLLLLL,LLLL,
348,2026/04/14 14:49,0,133.4,130.1,99.9,23.4,24.3,BURNOUT,BURNOUT,BURNOUT,BURNOUT,BURNOUT,LLLLLLLLLL,LLLL,
349,2026/04/14 14:49,0,133.1,129.8,99.5,23.4,24.4,BURNOUT,BURNOUT,BURNOUT,BURNOUT,BURNOUT,LLLLLLLLLL,LLLL,
350,2026/04/14 14:49,0,132.5,129.3,99.2,23.3,24.3,BURNOUT,BURNOUT,BURNOUT,BURNOUT,BURNOUT,LLLLLLLLLL,LLLL,
351,2026/04/14 14:49,0,132,129,98.8,23.3,24.3,BURNOUT,BURNOUT,BURNOUT,BURNOUT,BURNOUT,LLLLLLLLLL,LLLL,
352,2026/04/14 14:49,0,131.7,128.7,98.5,23.3,24.2,BURNOUT,BURNOUT,BURNOUT,BURNOUT,BURNOUT,LLLLLLLLLL,LLLL,
353,2026/04/14 14:49,0,131.1,128.3,98.1,23.3,24.2,BURNOUT,BURNOUT,BURNOUT,BURNOUT,BURNOUT,LLLLLLLLLL,LLLL,
354,2026/04/14 14:49,0,130.7,128,97.8,23.3,24.2,BURNOUT,BURNOUT,BURNOUT,BURNOUT,BURNOUT,LLLLLLLLLL,LLLL,
355,2026/04/14 14:49,0,130.3,127.6,97.5,23.3,24.3,BURNOUT,BURNOUT,BURNOUT,BURNOUT,BURNOUT,LLLLLLLLLL,LLLL,
356,2026/04/14 14:49,0,129.8,127.3,97.2,23.3,24.2,BURNOUT,BURNOUT,BURNOUT,BURNOUT,BURNOUT,LLLLLLLLLL,LLLL,
357,2026/04/14 14:49,0,129.3,126.9,96.8,23.3,24.1,BURNOUT,BURNOUT,BURNOUT,BURNOUT,BURNOUT,LLLLLLLLLL,LLLL,
358,2026/04/14 14:49,0,128.9,126.6,96.5,23.3,24.2,BURNOUT,BURNOUT,BURNOUT,BURNOUT,BURNOUT,LLLLLLLLLL,LLLL,
359,2026/04/14 14:49,0,128.5,126.3,96.3,23.3,24.2,BURNOUT,BURNOUT,BURNOUT,BURNOUT,BURNOUT,LLLLLLLLLL,LLLL,
360,2026/04/14 14:49,0,128,125.9,96.1,23.3,24.2,BURNOUT,BURNOUT,BURNOUT,BURNOUT,BURNOUT,LLLLLLLLLL,LLLL,
361,2026/04/14 14:49,0,127.5,125.6,95.9,23.3,24.2,BURNOUT,BURNOUT,BURNOUT,BURNOUT,BURNOUT,LLLLLLLLLL,LLLL,
362,2026/04/14 14:49,0,127.1,125.2,95.8,23.3,24.2,BURNOUT,BURNOUT,BURNOUT,BURNOUT,BURNOUT,LLLLLLLLLL,LLLL,
363,2026/04/14 14:49,0,126.6,124.9,95.7,23.3,24.2,BURNOUT,BURNOUT,BURNOUT,BURNOUT,BURNOUT,LLLLLLLLLL,LLLL,
364,2026/04/14 14:49,0,126.2,124.6,95.5,23.3,24.2,BURNOUT,BURNOUT,BURNOUT,BURNOUT,BURNOUT,LLLLLLLLLL,LLLL,
365,2026/04/14 14:49,0,125.7,124.3,95.5,23.3,24.1,BURNOUT,BURNOUT,BURNOUT,BURNOUT,BURNOUT,LLLLLLLLLL,LLLL,
366,2026/04/14 14:49,0,125.2,124,95.4,23.3,24.1,BURNOUT,BURNOUT,BURNOUT,BURNOUT,BURNOUT,LLLLLLLLLL,LLLL,
367,2026/04/14 14:49,0,124.8,123.7,95.3,23.3,24.2,BURNOUT,BURNOUT,BURNOUT,BURNOUT,BURNOUT,LLLLLLLLLL,LLLL,
368,2026/04/14 14:49,0,124.4,123.3,95.2,23.3,24.1,BURNOUT,BURNOUT,BURNOUT,BURNOUT,BURNOUT,LLLLLLLLLL,LLLL,
369,2026/04/14 14:49,0,124,122.9,95.2,23.3,24.1,BURNOUT,BURNOUT,BURNOUT,BURNOUT,BURNOUT,LLLLLLLLLL,LLLL,
370,2026/04/14 14:49,0,123.5,122.6,95.2,23.3,24.1,BURNOUT,BURNOUT,BURNOUT,BURNOUT,BURNOUT,LLLLLLLLLL,LLLL,
371,2026/04/14 14:49,0,123.2,122.3,95.1,23.3,24.1,BURNOUT,BURNOUT,BURNOUT,BURNOUT,BURNOUT,LLLLLLLLLL,LLLL,
372,2026/04/14 14:49,0,122.8,121.9,95,23.3,24.1,BURNOUT,BURNOUT,BURNOUT,BURNOUT,BURNOUT,LLLLLLLLLL,LLLL,
373,2026/04/14 14:49,0,122.5,121.6,95,23.3,24.1,BURNOUT,BURNOUT,BURNOUT,BURNOUT,BURNOUT,LLLLLLLLLL,LLLL,
374,2026/04/14 14:49,0,122.2,121.3,95,23.3,24.1,BURNOUT,BURNOUT,BURNOUT,BURNOUT,BURNOUT,LLLLLLLLLL,LLLL,
375,2026/04/14 14:49,0,121.9,120.9,94.9,23.3,24.1,BURNOUT,BURNOUT,BURNOUT,BURNOUT,BURNOUT,LLLLLLLLLL,LLLL,
376,2026/04/14 14:49,0,121.6,120.5,94.8,23.3,24.1,BURNOUT,BURNOUT,BURNOUT,BURNOUT,BURNOUT,LLLLLLLLLL,LLLL,
377,2026/04/14 14:49,0,121.4,120.2,94.7,23.3,24.1,BURNOUT,BURNOUT,BURNOUT,BURNOUT,BURNOUT,LLLLLLLLLL,LLLL,
378,2026/04/14 14:49,0,121.2,119.9,94.7,23.3,24.1,BURNOUT,BURNOUT,BURNOUT,BURNOUT,BURNOUT,LLLLLLLLLL,LLLL,
379,2026/04/14 14:49,0,121,119.6,94.6,23.3,24.1,BURNOUT,BURNOUT,BURNOUT,BURNOUT,BURNOUT,LLLLLLLLLL,LLLL,
380,2026/04/14 14:49,0,120.8,119.2,94.5,23.3,24.1,BURNOUT,BURNOUT,BURNOUT,BURNOUT,BURNOUT,LLLLLLLLLL,LLLL,
381,2026/04/14 14:49,0,120.6,118.9,94.4,23.3,24.1,BURNOUT,BURNOUT,BURNOUT,BURNOUT,BURNOUT,LLLLLLLLLL,LLLL,
382,2026/04/14 14:49,0,120.4,118.5,94.4,23.3,24.1,BURNOUT,BURNOUT,BURNOUT,BURNOUT,BURNOUT,LLLLLLLLLL,LLLL,
383,2026/04/14 14:49,0,120.2,118.2,94.2,23.3,24.1,BURNOUT,BURNOUT,BURNOUT,BURNOUT,BURNOUT,LLLLLLLLLL,LLLL,
384,2026/04/14 14:49,0,120,117.8,94.1,23.3,24.1,BURNOUT,BURNOUT,BURNOUT,BURNOUT,BURNOUT,LLLLLLLLLL,LLLL,
385,2026/04/14 14:49,0,119.8,117.6,94,23.3,24.1,BURNOUT,BURNOUT,BURNOUT,BURNOUT,BURNOUT,LLLLLLLLLL,LLLL,
386,2026/04/14 14:49,0,119.6,117.2,93.9,23.3,24.1,BURNOUT,BURNOUT,BURNOUT,BURNOUT,BURNOUT,LLLLLLLLLL,LLLL,
387,2026/04/14 14:49,0,119.3,116.9,93.7,23.3,24.1,BURNOUT,BURNOUT,BURNOUT,BURNOUT,BURNOUT,LLLLLLLLLL,LLLL,
388,2026/04/14 14:49,0,119,116.6,93.7,23.3,24.1,BURNOUT,BURNOUT,BURNOUT,BURNOUT,BURNOUT,LLLLLLLLLL,LLLL,
389,2026/04/14 14:49,0,118.7,116.2,93.5,23.3,24.1,BURNOUT,BURNOUT,BURNOUT,BURNOUT,BURNOUT,LLLLLLLLLL,LLLL,
390,2026/04/14 14:49,0,118.3,115.9,93.3,23.3,24.1,BURNOUT,BURNOUT,BURNOUT,BURNOUT,BURNOUT,LLLLLLLLLL,LLLL,
391,2026/04/14 14:49,0,118,115.6,93.2,23.2,24.1,BURNOUT,BURNOUT,BURNOUT,BURNOUT,BURNOUT,LLLLLLLLLL,LLLL,
392,2026/04/14 14:49,0,117.7,115.3,93,23.3,24.1,BURNOUT,BURNOUT,BURNOUT,BURNOUT,BURNOUT,LLLLLLLLLL,LLLL,
393,2026/04/14 14:49,0,117.3,115,92.8,23.3,24.1,BURNOUT,BURNOUT,BURNOUT,BURNOUT,BURNOUT,LLLLLLLLLL,LLLL,
394,2026/04/14 14:49,0,116.9,114.6,92.7,23.3,24.1,BURNOUT,BURNOUT,BURNOUT,BURNOUT,BURNOUT,LLLLLLLLLL,LLLL,
395,2026/04/14 14:49,0,116.4,114.3,92.4,23.3,24.1,BURNOUT,BURNOUT,BURNOUT,BURNOUT,BURNOUT,LLLLLLLLLL,LLLL,
396,2026/04/14 14:49,0,116.1,114,92.3,23.3,24.1,BURNOUT,BURNOUT,BURNOUT,BURNOUT,BURNOUT,LLLLLLLLLL,LLLL,
397,2026/04/14 14:49,0,115.6,113.6,92.1,23.3,24.1,BURNOUT,BURNOUT,BURNOUT,BURNOUT,BURNOUT,LLLLLLLLLL,LLLL,
398,2026/04/14 14:50,0,115.2,113.3,91.9,23.3,24,BURNOUT,BURNOUT,BURNOUT,BURNOUT,BURNOUT,LLLLLLLLLL,LLLL,
399,2026/04/14 14:50,0,114.8,113,91.7,23.3,24.1,BURNOUT,BURNOUT,BURNOUT,BURNOUT,BURNOUT,LLLLLLLLLL,LLLL,
400,2026/04/14 14:50,0,114.3,112.6,91.6,23.3,24,BURNOUT,BURNOUT,BURNOUT,BURNOUT,BURNOUT,LLLLLLLLLL,LLLL,
401,2026/04/14 14:50,0,113.9,112.4,91.3,23.3,24,BURNOUT,BURNOUT,BURNOUT,BURNOUT,BURNOUT,LLLLLLLLLL,LLLL,
402,2026/04/14 14:50,0,113.5,112.1,91.2,23.3,24.1,BURNOUT,BURNOUT,BURNOUT,BURNOUT,BURNOUT,LLLLLLLLLL,LLLL,
403,2026/04/14 14:50,0,113,111.7,91,23.3,24,BURNOUT,BURNOUT,BURNOUT,BURNOUT,BURNOUT,LLLLLLLLLL,LLLL,
404,2026/04/14 14:50,0,112.6,111.4,90.8,23.3,24,BURNOUT,BURNOUT,BURNOUT,BURNOUT,BURNOUT,LLLLLLLLLL,LLLL,
405,2026/04/14 14:50,0,112.2,111.1,90.5,23.3,24,BURNOUT,BURNOUT,BURNOUT,BURNOUT,BURNOUT,LLLLLLLLLL,LLLL,
406,2026/04/14 14:50,0,111.8,110.8,90.4,23.3,24,BURNOUT,BURNOUT,BURNOUT,BURNOUT,BURNOUT,LLLLLLLLLL,LLLL,
407,2026/04/14 14:50,0,111.3,110.5,90.2,23.3,24,BURNOUT,BURNOUT,BURNOUT,BURNOUT,BURNOUT,LLLLLLLLLL,LLLL,
408,2026/04/14 14:50,0,110.9,110.2,90,23.3,24,BURNOUT,BURNOUT,BURNOUT,BURNOUT,BURNOUT,LLLLLLLLLL,LLLL,
409,2026/04/14 14:50,0,110.5,109.9,89.9,23.3,24,BURNOUT,BURNOUT,BURNOUT,BURNOUT,BURNOUT,LLLLLLLLLL,LLLL,
410,2026/04/14 14:50,0,110.1,109.6,89.6,23.3,24,BURNOUT,BURNOUT,BURNOUT,BURNOUT,BURNOUT,LLLLLLLLLL,LLLL,
411,2026/04/14 14:50,0,109.6,109.3,89.5,23.3,24,BURNOUT,BURNOUT,BURNOUT,BURNOUT,BURNOUT,LLLLLLLLLL,LLLL,
412,2026/04/14 14:50,0,109.2,109,89.3,23.3,24,BURNOUT,BURNOUT,BURNOUT,BURNOUT,BURNOUT,LLLLLLLLLL,LLLL,
413,2026/04/14 14:50,0,108.8,108.7,89.2,23.3,24,BURNOUT,BURNOUT,BURNOUT,BURNOUT,BURNOUT,LLLLLLLLLL,LLLL,
414,2026/04/14 14:50,0,108.4,108.4,89,23.3,23.9,BURNOUT,BURNOUT,BURNOUT,BURNOUT,BURNOUT,LLLLLLLLLL,LLLL,
415,2026/04/14 14:50,0,107.9,108.1,88.8,23.3,23.9,BURNOUT,BURNOUT,BURNOUT,BURNOUT,BURNOUT,LLLLLLLLLL,LLLL,
416,2026/04/14 14:50,0,107.5,107.8,88.7,23.3,24,BURNOUT,BURNOUT,BURNOUT,BURNOUT,BURNOUT,LLLLLLLLLL,LLLL,
417,2026/04/14 14:50,0,107.1,107.5,88.5,23.3,24,BURNOUT,BURNOUT,BURNOUT,BURNOUT,BURNOUT,LLLLLLLLLL,LLLL,
418,2026/04/14 14:50,0,106.7,107.2,88.2,23.3,23.9,BURNOUT,BURNOUT,BURNOUT,BURNOUT,BURNOUT,LLLLLLLLLL,LLLL,
419,2026/04/14 14:50,0,106.2,106.8,88.1,23.3,23.9,BURNOUT,BURNOUT,BURNOUT,BURNOUT,BURNOUT,LLLLLLLLLL,LLLL,
420,2026/04/14 14:50,0,105.8,106.6,87.9,23.3,23.9,BURNOUT,BURNOUT,BURNOUT,BURNOUT,BURNOUT,LLLLLLLLLL,LLLL,
421,2026/04/14 14:50,0,105.4,106.3,87.8,23.3,23.9,BURNOUT,BURNOUT,BURNOUT,BURNOUT,BURNOUT,LLLLLLLLLL,LLLL,
422,2026/04/14 14:50,0,105,106.1,87.6,23.3,24,BURNOUT,BURNOUT,BURNOUT,BURNOUT,BURNOUT,LLLLLLLLLL,LLLL,
423,2026/04/14 14:50,0,104.7,105.7,87.5,23.3,23.9,BURNOUT,BURNOUT,BURNOUT,BURNOUT,BURNOUT,LLLLLLLLLL,LLLL,
424,2026/04/14 14:50,0,104.2,105.5,87.4,23.3,24,BURNOUT,BURNOUT,BURNOUT,BURNOUT,BURNOUT,LLLLLLLLLL,LLLL,
425,2026/04/14 14:50,0,103.8,105.2,87.2,23.3,23.9,BURNOUT,BURNOUT,BURNOUT,BURNOUT,BURNOUT,LLLLLLLLLL,LLLL,
426,2026/04/14 14:50,0,103.5,104.9,87,23.3,23.9,BURNOUT,BURNOUT,BURNOUT,BURNOUT,BURNOUT,LLLLLLLLLL,LLLL,
427,2026/04/14 14:50,0,103,104.6,86.9,23.3,23.9,BURNOUT,BURNOUT,BURNOUT,BURNOUT,BURNOUT,LLLLLLLLLL,LLLL,
428,2026/04/14 14:50,0,102.6,104.4,86.7,23.3,23.9,BURNOUT,BURNOUT,BURNOUT,BURNOUT,BURNOUT,LLLLLLLLLL,LLLL,
429,2026/04/14 14:50,0,102.2,104,86.6,23.3,23.9,BURNOUT,BURNOUT,BURNOUT,BURNOUT,BURNOUT,LLLLLLLLLL,LLLL,
430,2026/04/14 14:50,0,101.9,103.8,86.4,23.3,23.9,BURNOUT,BURNOUT,BURNOUT,BURNOUT,BURNOUT,LLLLLLLLLL,LLLL,
431,2026/04/14 14:50,0,101.5,103.5,86.2,23.3,23.9,BURNOUT,BURNOUT,BURNOUT,BURNOUT,BURNOUT,LLLLLLLLLL,LLLL,
432,2026/04/14 14:50,0,101.1,103.2,86.1,23.3,23.9,BURNOUT,BURNOUT,BURNOUT,BURNOUT,BURNOUT,LLLLLLLLLL,LLLL,
433,2026/04/14 14:50,0,100.7,103,85.9,23.3,23.9,BURNOUT,BURNOUT,BURNOUT,BURNOUT,BURNOUT,LLLLLLLLLL,LLLL,
434,2026/04/14 14:50,0,100.3,102.7,85.8,23.3,23.9,BURNOUT,BURNOUT,BURNOUT,BURNOUT,BURNOUT,LLLLLLLLLL,LLLL,
435,2026/04/14 14:50,0,99.9,102.4,85.6,23.3,23.9,BURNOUT,BURNOUT,BURNOUT,BURNOUT,BURNOUT,LLLLLLLLLL,LLLL,
436,2026/04/14 14:50,0,99.5,102.1,85.4,23.3,23.9,BURNOUT,BURNOUT,BURNOUT,BURNOUT,BURNOUT,LLLLLLLLLL,LLLL,
437,2026/04/14 14:50,0,99.2,101.8,85.3,23.3,23.9,BURNOUT,BURNOUT,BURNOUT,BURNOUT,BURNOUT,LLLLLLLLLL,LLLL,
438,2026/04/14 14:50,0,98.8,101.6,85.1,23.3,23.9,BURNOUT,BURNOUT,BURNOUT,BURNOUT,BURNOUT,LLLLLLLLLL,LLLL,
439,2026/04/14 14:50,0,98.5,101.3,85,23.3,23.9,BURNOUT,BURNOUT,BURNOUT,BURNOUT,BURNOUT,LLLLLLLLLL,LLLL,
440,2026/04/14 14:50,0,98.1,101,84.8,23.3,23.9,BURNOUT,BURNOUT,BURNOUT,BURNOUT,BURNOUT,LLLLLLLLLL,LLLL,
441,2026/04/14 14:50,0,97.8,100.8,84.7,23.3,23.9,BURNOUT,BURNOUT,BURNOUT,BURNOUT,BURNOUT,LLLLLLLLLL,LLLL,
442,2026/04/14 14:50,0,97.4,100.5,84.6,23.3,23.9,BURNOUT,BURNOUT,BURNOUT,BURNOUT,BURNOUT,LLLLLLLLLL,LLLL,
443,2026/04/14 14:50,0,97,100.2,84.4,23.3,23.9,BURNOUT,BURNOUT,BURNOUT,BURNOUT,BURNOUT,LLLLLLLLLL,LLLL,
444,2026/04/14 14:50,0,96.7,99.9,84.3,23.3,23.9,BURNOUT,BURNOUT,BURNOUT,BURNOUT,BURNOUT,LLLLLLLLLL,LLLL,
445,2026/04/14 14:50,0,96.4,99.7,84.1,23.3,23.9,BURNOUT,BURNOUT,BURNOUT,BURNOUT,BURNOUT,LLLLLLLLLL,LLLL,
446,2026/04/14 14:50,0,96,99.4,84,23.3,23.9,BURNOUT,BURNOUT,BURNOUT,BURNOUT,BURNOUT,LLLLLLLLLL,LLLL,
447,2026/04/14 14:50,0,95.6,99.2,83.8,23.3,23.9,BURNOUT,BURNOUT,BURNOUT,BURNOUT,BURNOUT,LLLLLLLLLL,LLLL,
448,2026/04/14 14:50,0,95.3,98.8,83.7,23.3,23.9,BURNOUT,BURNOUT,BURNOUT,BURNOUT,BURNOUT,LLLLLLLLLL,LLLL,
449,2026/04/14 14:50,0,95,98.6,83.5,23.3,23.9,BURNOUT,BURNOUT,BURNOUT,BURNOUT,BURNOUT,LLLLLLLLLL,LLLL,
450,2026/04/14 14:50,0,94.6,98.4,83.4,23.3,23.9,BURNOUT,BURNOUT,BURNOUT,BURNOUT,BURNOUT,LLLLLLLLLL,LLLL,
451,2026/04/14 14:50,0,94.3,98.1,83.2,23.3,23.9,BURNOUT,BURNOUT,BURNOUT,BURNOUT,BURNOUT,LLLLLLLLLL,LLLL,
452,2026/04/14 14:50,0,93.9,97.9,83.1,23.3,23.8,BURNOUT,BURNOUT,BURNOUT,BURNOUT,BURNOUT,LLLLLLLLLL,LLLL,
453,2026/04/14 14:50,0,93.6,97.6,83,23.3,23.9,BURNOUT,BURNOUT,BURNOUT,BURNOUT,BURNOUT,LLLLLLLLLL,LLLL,
454,2026/04/14 14:50,0,93.3,97.3,82.9,23.3,23.9,BURNOUT,BURNOUT,BURNOUT,BURNOUT,BURNOUT,LLLLLLLLLL,LLLL,
455,2026/04/14 14:50,0,92.9,97.1,82.7,23.3,23.9,BURNOUT,BURNOUT,BURNOUT,BURNOUT,BURNOUT,LLLLLLLLLL,LLLL,
456,2026/04/14 14:50,0,92.6,96.8,82.6,23.3,23.8,BURNOUT,BURNOUT,BURNOUT,BURNOUT,BURNOUT,LLLLLLLLLL,LLLL,
457,2026/04/14 14:50,0,92.2,96.6,82.4,23.3,23.8,BURNOUT,BURNOUT,BURNOUT,BURNOUT,BURNOUT,LLLLLLLLLL,LLLL,
458,2026/04/14 14:51,0,91.9,96.4,82.3,23.3,23.8,BURNOUT,BURNOUT,BURNOUT,BURNOUT,BURNOUT,LLLLLLLLLL,LLLL,
459,2026/04/14 14:51,0,91.6,96.1,82.1,23.3,23.8,BURNOUT,BURNOUT,BURNOUT,BURNOUT,BURNOUT,LLLLLLLLLL,LLLL,
460,2026/04/14 14:51,0,91.2,95.8,82,23.3,23.8,BURNOUT,BURNOUT,BURNOUT,BURNOUT,BURNOUT,LLLLLLLLLL,LLLL,
461,2026/04/14 14:51,0,90.9,95.6,81.9,23.3,23.8,BURNOUT,BURNOUT,BURNOUT,BURNOUT,BURNOUT,LLLLLLLLLL,LLLL,
462,2026/04/14 14:51,0,90.5,95.4,81.7,23.3,23.8,BURNOUT,BURNOUT,BURNOUT,BURNOUT,BURNOUT,LLLLLLLLLL,LLLL,
463,2026/04/14 14:51,0,90.2,95.1,81.7,23.3,23.8,BURNOUT,BURNOUT,BURNOUT,BURNOUT,BURNOUT,LLLLLLLLLL,LLLL,
464,2026/04/14 14:51,0,89.9,94.8,81.5,23.3,23.8,BURNOUT,BURNOUT,BURNOUT,BURNOUT,BURNOUT,LLLLLLLLLL,LLLL,
465,2026/04/14 14:51,0,89.6,94.7,81.4,23.3,23.8,BURNOUT,BURNOUT,BURNOUT,BURNOUT,BURNOUT,LLLLLLLLLL,LLLL,
466,2026/04/14 14:51,0,89.3,94.4,81.2,23.3,23.8,BURNOUT,BURNOUT,BURNOUT,BURNOUT,BURNOUT,LLLLLLLLLL,LLLL,
467,2026/04/14 14:51,0,89,94.1,81.1,23.3,23.8,BURNOUT,BURNOUT,BURNOUT,BURNOUT,BURNOUT,LLLLLLLLLL,LLLL,
468,2026/04/14 14:51,0,88.7,93.9,81,23.3,23.8,BURNOUT,BURNOUT,BURNOUT,BURNOUT,BURNOUT,LLLLLLLLLL,LLLL,
469,2026/04/14 14:51,0,88.4,93.7,80.9,23.3,23.8,BURNOUT,BURNOUT,BURNOUT,BURNOUT,BURNOUT,LLLLLLLLLL,LLLL,
470,2026/04/14 14:51,0,88.1,93.4,80.8,23.3,23.8,BURNOUT,BURNOUT,BURNOUT,BURNOUT,BURNOUT,LLLLLLLLLL,LLLL,
471,2026/04/14 14:51,0,87.8,93.3,80.6,23.3,23.8,BURNOUT,BURNOUT,BURNOUT,BURNOUT,BURNOUT,LLLLLLLLLL,LLLL,
472,2026/04/14 14:51,0,87.5,93,80.5,23.3,23.8,BURNOUT,BURNOUT,BURNOUT,BURNOUT,BURNOUT,LLLLLLLLLL,LLLL,
473,2026/04/14 14:51,0,87.2,92.7,80.3,23.3,23.8,BURNOUT,BURNOUT,BURNOUT,BURNOUT,BURNOUT,LLLLLLLLLL,LLLL,
474,2026/04/14 14:51,0,86.9,92.5,80.3,23.3,23.8,BURNOUT,BURNOUT,BURNOUT,BURNOUT,BURNOUT,LLLLLLLLLL,LLLL,
475,2026/04/14 14:51,0,86.6,92.3,80.1,23.3,23.8,BURNOUT,BURNOUT,BURNOUT,BURNOUT,BURNOUT,LLLLLLLLLL,LLLL,
476,2026/04/14 14:51,0,86.3,92.1,80,23.3,23.8,BURNOUT,BURNOUT,BURNOUT,BURNOUT,BURNOUT,LLLLLLLLLL,LLLL,
477,2026/04/14 14:51,0,85.9,91.8,79.9,23.3,23.8,BURNOUT,BURNOUT,BURNOUT,BURNOUT,BURNOUT,LLLLLLLLLL,LLLL,
478,2026/04/14 14:51,0,85.7,91.6,79.7,23.3,23.8,BURNOUT,BURNOUT,BURNOUT,BURNOUT,BURNOUT,LLLLLLLLLL,LLLL,
479,2026/04/14 14:51,0,85.4,91.3,79.6,23.3,23.8,BURNOUT,BURNOUT,BURNOUT,BURNOUT,BURNOUT,LLLLLLLLLL,LLLL,
480,2026/04/14 14:51,0,85.1,91.2,79.5,23.3,23.7,BURNOUT,BURNOUT,BURNOUT,BURNOUT,BURNOUT,LLLLLLLLLL,LLLL,
481,2026/04/14 14:51,0,84.8,90.9,79.3,23.2,23.8,BURNOUT,BURNOUT,BURNOUT,BURNOUT,BURNOUT,LLLLLLLLLL,LLLL,
482,2026/04/14 14:51,0,84.5,90.7,79.3,23.2,23.8,BURNOUT,BURNOUT,BURNOUT,BURNOUT,BURNOUT,LLLLLLLLLL,LLLL,
483,2026/04/14 14:51,0,84.2,90.5,79.1,23.2,23.7,BURNOUT,BURNOUT,BURNOUT,BURNOUT,BURNOUT,LLLLLLLLLL,LLLL,
484,2026/04/14 14:51,0,83.9,90.2,78.9,23.2,23.8,BURNOUT,BURNOUT,BURNOUT,BURNOUT,BURNOUT,LLLLLLLLLL,LLLL,
485,2026/04/14 14:51,0,83.7,90,78.8,23.3,23.7,BURNOUT,BURNOUT,BURNOUT,BURNOUT,BURNOUT,LLLLLLLLLL,LLLL,
486,2026/04/14 14:51,0,83.4,89.8,78.7,23.2,23.7,BURNOUT,BURNOUT,BURNOUT,BURNOUT,BURNOUT,LLLLLLLLLL,LLLL,
487,2026/04/14 14:51,0,83.1,89.5,78.6,23.2,23.7,BURNOUT,BURNOUT,BURNOUT,BURNOUT,BURNOUT,LLLLLLLLLL,LLLL,
488,2026/04/14 14:51,0,82.8,89.3,78.5,23.3,23.7,BURNOUT,BURNOUT,BURNOUT,BURNOUT,BURNOUT,LLLLLLLLLL,LLLL,
489,2026/04/14 14:51,0,82.5,89.1,78.3,23.2,23.7,BURNOUT,BURNOUT,BURNOUT,BURNOUT,BURNOUT,LLLLLLLLLL,LLLL,
490,2026/04/14 14:51,0,82.3,88.8,78.2,23.2,23.7,BURNOUT,BURNOUT,BURNOUT,BURNOUT,BURNOUT,LLLLLLLLLL,LLLL,
491,2026/04/14 14:51,0,82,88.6,78,23.2,23.7,BURNOUT,BURNOUT,BURNOUT,BURNOUT,BURNOUT,LLLLLLLLLL,LLLL,
492,2026/04/14 14:51,0,81.7,88.4,77.9,23.2,23.7,BURNOUT,BURNOUT,BURNOUT,BURNOUT,BURNOUT,LLLLLLLLLL,LLLL,
493,2026/04/14 14:51,0,81.4,88.2,77.9,23.2,23.7,BURNOUT,BURNOUT,BURNOUT,BURNOUT,BURNOUT,LLLLLLLLLL,LLLL,
494,2026/04/14 14:51,0,81.1,87.9,77.6,23.2,23.7,BURNOUT,BURNOUT,BURNOUT,BURNOUT,BURNOUT,LLLLLLLLLL,LLLL,
495,2026/04/14 14:51,0,80.8,87.7,77.6,23.2,23.7,BURNOUT,BURNOUT,BURNOUT,BURNOUT,BURNOUT,LLLLLLLLLL,LLLL,
496,2026/04/14 14:51,0,80.5,87.5,77.4,23.2,23.7,BURNOUT,BURNOUT,BURNOUT,BURNOUT,BURNOUT,LLLLLLLLLL,LLLL,
497,2026/04/14 14:51,0,80.3,87.2,77.3,23.2,23.7,BURNOUT,BURNOUT,BURNOUT,BURNOUT,BURNOUT,LLLLLLLLLL,LLLL,
498,2026/04/14 14:51,0,79.9,87,77.1,23.2,23.7,BURNOUT,BURNOUT,BURNOUT,BURNOUT,BURNOUT,LLLLLLLLLL,LLLL,
499,2026/04/14 14:51,0,79.6,86.8,77.1,23.3,23.7,BURNOUT,BURNOUT,BURNOUT,BURNOUT,BURNOUT,LLLLLLLLLL,LLLL,
500,2026/04/14 14:51,0,79.4,86.6,76.9,23.2,23.7,BURNOUT,BURNOUT,BURNOUT,BURNOUT,BURNOUT,LLLLLLLLLL,LLLL,
501,2026/04/14 14:51,0,79.1,86.4,76.8,23.2,23.7,BURNOUT,BURNOUT,BURNOUT,BURNOUT,BURNOUT,LLLLLLLLLL,LLLL,
502,2026/04/14 14:51,0,78.9,86.1,76.7,23.2,23.7,BURNOUT,BURNOUT,BURNOUT,BURNOUT,BURNOUT,LLLLLLLLLL,LLLL,
503,2026/04/14 14:51,0,78.6,85.9,76.5,23.2,23.6,BURNOUT,BURNOUT,BURNOUT,BURNOUT,BURNOUT,LLLLLLLLLL,LLLL,
504,2026/04/14 14:51,0,78.3,85.7,76.5,23.2,23.7,BURNOUT,BURNOUT,BURNOUT,BURNOUT,BURNOUT,LLLLLLLLLL,LLLL,
505,2026/04/14 14:51,0,78,85.5,76.4,23.2,23.6,BURNOUT,BURNOUT,BURNOUT,BURNOUT,BURNOUT,LLLLLLLLLL,LLLL,
506,2026/04/14 14:51,0,77.8,85.3,76.2,23.2,23.6,BURNOUT,BURNOUT,BURNOUT,BURNOUT,BURNOUT,LLLLLLLLLL,LLLL,
507,2026/04/14 14:51,0,77.5,85,76.1,23.2,23.6,BURNOUT,BURNOUT,BURNOUT,BURNOUT,BURNOUT,LLLLLLLLLL,LLLL,
508,2026/04/14 14:51,0,77.3,84.8,76,23.2,23.7,BURNOUT,BURNOUT,BURNOUT,BURNOUT,BURNOUT,LLLLLLLLLL,LLLL,
509,2026/04/14 14:51,0,77,84.6,75.9,23.2,23.6,BURNOUT,BURNOUT,BURNOUT,BURNOUT,BURNOUT,LLLLLLLLLL,LLLL,
510,2026/04/14 14:51,0,76.7,84.4,75.8,23.2,23.6,BURNOUT,BURNOUT,BURNOUT,BURNOUT,BURNOUT,LLLLLLLLLL,LLLL,
511,2026/04/14 14:51,0,76.5,84.1,75.7,23.2,23.6,BURNOUT,BURNOUT,BURNOUT,BURNOUT,BURNOUT,LLLLLLLLLL,LLLL,
512,2026/04/14 14:51,0,76.2,84,75.6,23.2,23.6,BURNOUT,BURNOUT,BURNOUT,BURNOUT,BURNOUT,LLLLLLLLLL,LLLL,
513,2026/04/14 14:51,0,76,83.7,75.5,23.2,23.6,BURNOUT,BURNOUT,BURNOUT,BURNOUT,BURNOUT,LLLLLLLLLL,LLLL,
514,2026/04/14 14:51,0,75.8,83.5,75.4,23.1,23.6,BURNOUT,BURNOUT,BURNOUT,BURNOUT,BURNOUT,LLLLLLLLLL,LLLL,
515,2026/04/14 14:51,0,75.5,83.4,75.3,23.2,23.6,BURNOUT,BURNOUT,BURNOUT,BURNOUT,BURNOUT,LLLLLLLLLL,LLLL,
516,2026/04/14 14:51,0,75.3,83.1,75.1,23.2,23.6,BURNOUT,BURNOUT,BURNOUT,BURNOUT,BURNOUT,LLLLLLLLLL,LLLL,
517,2026/04/14 14:51,0,75,82.9,75.1,23.2,23.6,BURNOUT,BURNOUT,BURNOUT,BURNOUT,BURNOUT,LLLLLLLLLL,LLLL,
518,2026/04/14 14:52,0,74.8,82.7,75,23.1,23.6,BURNOUT,BURNOUT,BURNOUT,BURNOUT,BURNOUT,LLLLLLLLLL,LLLL,
519,2026/04/14 14:52,0,74.4,82.4,74.8,23.1,23.6,BURNOUT,BURNOUT,BURNOUT,BURNOUT,BURNOUT,LLLLLLLLLL,LLLL,
520,2026/04/14 14:52,0,74.2,82.3,74.8,23.1,23.6,BURNOUT,BURNOUT,BURNOUT,BURNOUT,BURNOUT,LLLLLLLLLL,LLLL,
521,2026/04/14 14:52,0,74.1,82,74.8,23.2,23.6,BURNOUT,BURNOUT,BURNOUT,BURNOUT,BURNOUT,LLLLLLLLLL,LLLL,
522,2026/04/14 14:52,0,73.8,81.8,74.7,23.1,23.6,BURNOUT,BURNOUT,BURNOUT,BURNOUT,BURNOUT,LLLLLLLLLL,LLLL,
523,2026/04/14 14:52,0,73.6,81.7,74.6,23.2,23.6,BURNOUT,BURNOUT,BURNOUT,BURNOUT,BURNOUT,LLLLLLLLLL,LLLL,
524,2026/04/14 14:52,0,73.3,81.5,74.5,23.1,23.6,BURNOUT,BURNOUT,BURNOUT,BURNOUT,BURNOUT,LLLLLLLLLL,LLLL,
525,2026/04/14 14:52,0,73.1,81.3,74.5,23.1,23.6,BURNOUT,BURNOUT,BURNOUT,BURNOUT,BURNOUT,LLLLLLLLLL,LLLL,
526,2026/04/14 14:52,0,72.8,81.1,74.4,23.2,23.6,BURNOUT,BURNOUT,BURNOUT,BURNOUT,BURNOUT,LLLLLLLLLL,LLLL,
527,2026/04/14 14:52,0,72.6,80.9,74.4,23.2,23.6,BURNOUT,BURNOUT,BURNOUT,BURNOUT,BURNOUT,LLLLLLLLLL,LLLL,
528,2026/04/14 14:52,0,72.4,80.6,74.4,23.1,23.6,BURNOUT,BURNOUT,BURNOUT,BURNOUT,BURNOUT,LLLLLLLLLL,LLLL,
529,2026/04/14 14:52,0,72.1,80.5,74.4,23.1,23.6,BURNOUT,BURNOUT,BURNOUT,BURNOUT,BURNOUT,LLLLLLLLLL,LLLL,
530,2026/04/14 14:52,0,72,80.3,74.2,23.2,23.6,BURNOUT,BURNOUT,BURNOUT,BURNOUT,BURNOUT,LLLLLLLLLL,LLLL,
531,2026/04/14 14:52,0,71.7,80,74.3,23.2,23.6,BURNOUT,BURNOUT,BURNOUT,BURNOUT,BURNOUT,LLLLLLLLLL,LLLL,
532,2026/04/14 14:52,0,71.5,79.9,74.3,23.1,23.5,BURNOUT,BURNOUT,BURNOUT,BURNOUT,BURNOUT,LLLLLLLLLL,LLLL,
533,2026/04/14 14:52,0,71.3,79.7,74.2,23.1,23.6,BURNOUT,BURNOUT,BURNOUT,BURNOUT,BURNOUT,LLLLLLLLLL,LLLL,
534,2026/04/14 14:52,0,71,79.5,74.2,23.1,23.6,BURNOUT,BURNOUT,BURNOUT,BURNOUT,BURNOUT,LLLLLLLLLL,LLLL,
535,2026/04/14 14:52,0,70.8,79.3,74.2,23.1,23.5,BURNOUT,BURNOUT,BURNOUT,BURNOUT,BURNOUT,LLLLLLLLLL,LLLL,
536,2026/04/14 14:52,0,70.6,79.1,74.2,23.1,23.5,BURNOUT,BURNOUT,BURNOUT,BURNOUT,BURNOUT,LLLLLLLLLL,LLLL,
537,2026/04/14 14:52,0,70.4,78.9,74.2,23.1,23.6,BURNOUT,BURNOUT,BURNOUT,BURNOUT,BURNOUT,LLLLLLLLLL,LLLL,
538,2026/04/14 14:52,0,70.2,78.7,74.2,23.2,23.6,BURNOUT,BURNOUT,BURNOUT,BURNOUT,BURNOUT,LLLLLLLLLL,LLLL,
539,2026/04/14 14:52,0,70,78.5,74.2,23.1,23.5,BURNOUT,BURNOUT,BURNOUT,BURNOUT,BURNOUT,LLLLLLLLLL,LLLL,
540,2026/04/14 14:52,0,69.8,78.3,74.2,23.1,23.5,BURNOUT,BURNOUT,BURNOUT,BURNOUT,BURNOUT,LLLLLLLLLL,LLLL,
541,2026/04/14 14:52,0,69.6,78.1,74.2,23.1,23.5,BURNOUT,BURNOUT,BURNOUT,BURNOUT,BURNOUT,LLLLLLLLLL,LLLL,
542,2026/04/14 14:52,0,69.4,77.9,74.3,23.1,23.6,BURNOUT,BURNOUT,BURNOUT,BURNOUT,BURNOUT,LLLLLLLLLL,LLLL,
543,2026/04/14 14:52,0,69.2,77.7,74.3,23.1,23.6,BURNOUT,BURNOUT,BURNOUT,BURNOUT,BURNOUT,LLLLLLLLLL,LLLL,
544,2026/04/14 14:52,0,69,77.6,74.4,23.2,23.6,BURNOUT,BURNOUT,BURNOUT,BURNOUT,BURNOUT,LLLLLLLLLL,LLLL,
545,2026/04/14 14:52,0,68.8,77.4,74.4,23.2,23.6,BURNOUT,BURNOUT,BURNOUT,BURNOUT,BURNOUT,LLLLLLLLLL,LLLL,
546,2026/04/14 14:52,0,68.6,77.2,74.4,23.1,23.6,BURNOUT,BURNOUT,BURNOUT,BURNOUT,BURNOUT,LLLLLLLLLL,LLLL,
547,2026/04/14 14:52,0,68.3,77,74.4,23.1,23.6,BURNOUT,BURNOUT,BURNOUT,BURNOUT,BURNOUT,LLLLLLLLLL,LLLL,
548,2026/04/14 14:52,0,68.2,76.8,74.4,23.1,23.5,BURNOUT,BURNOUT,BURNOUT,BURNOUT,BURNOUT,LLLLLLLLLL,LLLL,
549,2026/04/14 14:52,0,68,76.6,74.5,23.1,23.5,BURNOUT,BURNOUT,BURNOUT,BURNOUT,BURNOUT,LLLLLLLLLL,LLLL,
550,2026/04/14 14:52,0,67.7,76.5,74.5,23.1,23.6,BURNOUT,BURNOUT,BURNOUT,BURNOUT,BURNOUT,LLLLLLLLLL,LLLL,
551,2026/04/14 14:52,0,67.6,76.2,74.5,23.2,23.5,BURNOUT,BURNOUT,BURNOUT,BURNOUT,BURNOUT,LLLLLLLLLL,LLLL,
552,2026/04/14 14:52,0,67.4,76.1,74.5,23.1,23.5,BURNOUT,BURNOUT,BURNOUT,BURNOUT,BURNOUT,LLLLLLLLLL,LLLL,
553,2026/04/14 14:52,0,67.2,75.8,74.7,23.1,23.5,BURNOUT,BURNOUT,BURNOUT,BURNOUT,BURNOUT,LLLLLLLLLL,LLLL,
554,2026/04/14 14:52,0,66.9,75.6,74.7,23.1,23.5,BURNOUT,BURNOUT,BURNOUT,BURNOUT,BURNOUT,LLLLLLLLLL,LLLL,
555,2026/04/14 14:52,0,66.8,75.5,74.7,23.1,23.5,BURNOUT,BURNOUT,BURNOUT,BURNOUT,BURNOUT,LLLLLLLLLL,LLLL,
556,2026/04/14 14:52,0,66.6,75.3,74.8,23.1,23.5,BURNOUT,BURNOUT,BURNOUT,BURNOUT,BURNOUT,LLLLLLLLLL,LLLL,
557,2026/04/14 14:52,0,66.4,75.1,74.8,23.1,23.5,BURNOUT,BURNOUT,BURNOUT,BURNOUT,BURNOUT,LLLLLLLLLL,LLLL,
558,2026/04/14 14:52,0,66.2,74.9,74.8,23.1,23.5,BURNOUT,BURNOUT,BURNOUT,BURNOUT,BURNOUT,LLLLLLLLLL,LLLL,
559,2026/04/14 14:52,0,66,74.8,74.8,23.1,23.5,BURNOUT,BURNOUT,BURNOUT,BURNOUT,BURNOUT,LLLLLLLLLL,LLLL,
560,2026/04/14 14:52,0,65.8,74.5,74.9,23.1,23.5,BURNOUT,BURNOUT,BURNOUT,BURNOUT,BURNOUT,LLLLLLLLLL,LLLL,
561,2026/04/14 14:52,0,65.6,74.4,75,23.1,23.5,BURNOUT,BURNOUT,BURNOUT,BURNOUT,BURNOUT,LLLLLLLLLL,LLLL,
562,2026/04/14 14:52,0,65.4,74.2,75,23.1,23.5,BURNOUT,BURNOUT,BURNOUT,BURNOUT,BURNOUT,LLLLLLLLLL,LLLL,
563,2026/04/14 14:52,0,65.3,74,75,23.1,23.5,BURNOUT,BURNOUT,BURNOUT,BURNOUT,BURNOUT,LLLLLLLLLL,LLLL,
564,2026/04/14 14:52,0,65.1,73.8,75,23.1,23.5,BURNOUT,BURNOUT,BURNOUT,BURNOUT,BURNOUT,LLLLLLLLLL,LLLL,
565,2026/04/14 14:52,0,64.9,73.6,75.1,23.1,23.5,BURNOUT,BURNOUT,BURNOUT,BURNOUT,BURNOUT,LLLLLLLLLL,LLLL,
566,2026/04/14 14:52,0,64.8,73.5,75.1,23.2,23.5,BURNOUT,BURNOUT,BURNOUT,BURNOUT,BURNOUT,LLLLLLLLLL,LLLL,
567,2026/04/14 14:52,0,64.5,73.3,75.1,23.1,23.5,BURNOUT,BURNOUT,BURNOUT,BURNOUT,BURNOUT,LLLLLLLLLL,LLLL,
568,2026/04/14 14:52,0,64.4,73.1,75.1,23.2,23.5,BURNOUT,BURNOUT,BURNOUT,BURNOUT,BURNOUT,LLLLLLLLLL,LLLL,
569,2026/04/14 14:52,0,64.2,72.9,75.2,23.1,23.5,BURNOUT,BURNOUT,BURNOUT,BURNOUT,BURNOUT,LLLLLLLLLL,LLLL,
570,2026/04/14 14:52,0,64,72.7,75.2,23.1,23.5,BURNOUT,BURNOUT,BURNOUT,BURNOUT,BURNOUT,LLLLLLLLLL,LLLL,
571,2026/04/14 14:52,0,63.9,72.5,75.2,23.2,23.5,BURNOUT,BURNOUT,BURNOUT,BURNOUT,BURNOUT,LLLLLLLLLL,LLLL,
572,2026/04/14 14:52,0,63.7,72.3,75.3,23.1,23.5,BURNOUT,BURNOUT,BURNOUT,BURNOUT,BURNOUT,LLLLLLLLLL,LLLL,
573,2026/04/14 14:52,0,63.5,72.2,75.3,23.1,23.5,BURNOUT,BURNOUT,BURNOUT,BURNOUT,BURNOUT,LLLLLLLLLL,LLLL,
574,2026/04/14 14:52,0,63.3,72,75.3,23.1,23.5,BURNOUT,BURNOUT,BURNOUT,BURNOUT,BURNOUT,LLLLLLLLLL,LLLL,
575,2026/04/14 14:52,0,63.2,71.8,75.3,23.1,23.5,BURNOUT,BURNOUT,BURNOUT,BURNOUT,BURNOUT,LLLLLLLLLL,LLLL,
576,2026/04/14 14:52,0,63,71.6,75.3,23.1,23.5,BURNOUT,BURNOUT,BURNOUT,BURNOUT,BURNOUT,LLLLLLLLLL,LLLL,
577,2026/04/14 14:52,0,62.8,71.3,75.2,23.1,23.5,BURNOUT,BURNOUT,BURNOUT,BURNOUT,BURNOUT,LLLLLLLLLL,LLLL,
578,2026/04/14 14:53,0,62.7,71.2,75.2,23.1,23.5,BURNOUT,BURNOUT,BURNOUT,BURNOUT,BURNOUT,LLLLLLLLLL,LLLL,
579,2026/04/14 14:53,0,62.5,71,75.2,23.1,23.5,BURNOUT,BURNOUT,BURNOUT,BURNOUT,BURNOUT,LLLLLLLLLL,LLLL,
580,2026/04/14 14:53,0,62.4,70.8,75.1,23.1,23.4,BURNOUT,BURNOUT,BURNOUT,BURNOUT,BURNOUT,LLLLLLLLLL,LLLL,
581,2026/04/14 14:53,0,62.1,70.7,75.1,23.1,23.5,BURNOUT,BURNOUT,BURNOUT,BURNOUT,BURNOUT,LLLLLLLLLL,LLLL,
582,2026/04/14 14:53,0,62,70.4,75.1,23.1,23.5,BURNOUT,BURNOUT,BURNOUT,BURNOUT,BURNOUT,LLLLLLLLLL,LLLL,
583,2026/04/14 14:53,0,61.8,70.3,75,23.1,23.4,BURNOUT,BURNOUT,BURNOUT,BURNOUT,BURNOUT,LLLLLLLLLL,LLLL,
584,2026/04/14 14:53,0,61.7,70.1,75,23.1,23.5,BURNOUT,BURNOUT,BURNOUT,BURNOUT,BURNOUT,LLLLLLLLLL,LLLL,
585,2026/04/14 14:53,0,61.5,69.9,75,23.1,23.5,BURNOUT,BURNOUT,BURNOUT,BURNOUT,BURNOUT,LLLLLLLLLL,LLLL,
586,2026/04/14 14:53,0,61.4,69.8,75,23.1,23.5,BURNOUT,BURNOUT,BURNOUT,BURNOUT,BURNOUT,LLLLLLLLLL,LLLL,
587,2026/04/14 14:53,0,61.2,69.6,74.8,23.2,23.5,BURNOUT,BURNOUT,BURNOUT,BURNOUT,BURNOUT,LLLLLLLLLL,LLLL,
588,2026/04/14 14:53,0,61.1,69.4,74.8,23.1,23.5,BURNOUT,BURNOUT,BURNOUT,BURNOUT,BURNOUT,LLLLLLLLLL,LLLL,
589,2026/04/14 14:53,0,60.9,69.2,74.7,23.1,23.5,BURNOUT,BURNOUT,BURNOUT,BURNOUT,BURNOUT,LLLLLLLLLL,LLLL,
590,2026/04/14 14:53,0,60.7,69,74.7,23.1,23.5,BURNOUT,BURNOUT,BURNOUT,BURNOUT,BURNOUT,LLLLLLLLLL,LLLL,
591,2026/04/14 14:53,0,60.5,68.9,74.5,23.1,23.5,BURNOUT,BURNOUT,BURNOUT,BURNOUT,BURNOUT,LLLLLLLLLL,LLLL,
592,2026/04/14 14:53,0,60.4,68.6,74.4,23.1,23.4,BURNOUT,BURNOUT,BURNOUT,BURNOUT,BURNOUT,LLLLLLLLLL,LLLL,
593,2026/04/14 14:53,0,60.2,68.5,74.4,23.1,23.5,BURNOUT,BURNOUT,BURNOUT,BURNOUT,BURNOUT,LLLLLLLLLL,LLLL,
594,2026/04/14 14:53,0,60.1,68.3,74.3,23.1,23.5,BURNOUT,BURNOUT,BURNOUT,BURNOUT,BURNOUT,LLLLLLLLLL,LLLL,
595,2026/04/14 14:53,0,59.9,68,74.2,23.1,23.4,BURNOUT,BURNOUT,BURNOUT,BURNOUT,BURNOUT,LLLLLLLLLL,LLLL,
596,2026/04/14 14:53,0,59.8,67.9,74.1,23.1,23.4,BURNOUT,BURNOUT,BURNOUT,BURNOUT,BURNOUT,LLLLLLLLLL,LLLL,
597,2026/04/14 14:53,0,59.6,67.7,74.1,23.1,23.4,BURNOUT,BURNOUT,BURNOUT,BURNOUT,BURNOUT,LLLLLLLLLL,LLLL,
598,2026/04/14 14:53,0,59.5,67.5,73.9,23.1,23.5,BURNOUT,BURNOUT,BURNOUT,BURNOUT,BURNOUT,LLLLLLLLLL,LLLL,
599,2026/04/14 14:53,0,59.4,67.4,73.8,23.1,23.4,BURNOUT,BURNOUT,BURNOUT,BURNOUT,BURNOUT,LLLLLLLLLL,LLLL,
600,2026/04/14 14:53,0,59.2,67.2,73.8,23.1,23.4,BURNOUT,BURNOUT,BURNOUT,BURNOUT,BURNOUT,LLLLLLLLLL,LLLL,
601,2026/04/14 14:53,0,59,67,73.6,23.1,23.4,BURNOUT,BURNOUT,BURNOUT,BURNOUT,BURNOUT,LLLLLLLLLL,LLLL,
602,2026/04/14 14:53,0,58.9,66.9,73.5,23.1,23.5,BURNOUT,BURNOUT,BURNOUT,BURNOUT,BURNOUT,LLLLLLLLLL,LLLL,
603,2026/04/14 14:53,0,58.7,66.6,73.4,23.1,23.4,BURNOUT,BURNOUT,BURNOUT,BURNOUT,BURNOUT,LLLLLLLLLL,LLLL,
604,2026/04/14 14:53,0,58.6,66.5,73.2,23.1,23.4,BURNOUT,BURNOUT,BURNOUT,BURNOUT,BURNOUT,LLLLLLLLLL,LLLL,
605,2026/04/14 14:53,0,58.4,66.3,73.1,23.1,23.4,BURNOUT,BURNOUT,BURNOUT,BURNOUT,BURNOUT,LLLLLLLLLL,LLLL,
606,2026/04/14 14:53,0,58.3,66.1,72.9,23.1,23.4,BURNOUT,BURNOUT,BURNOUT,BURNOUT,BURNOUT,LLLLLLLLLL,LLLL,
607,2026/04/14 14:53,0,58.1,65.9,72.7,23.1,23.4,BURNOUT,BURNOUT,BURNOUT,BURNOUT,BURNOUT,LLLLLLLLLL,LLLL,
608,2026/04/14 14:53,0,58,65.7,72.6,23.1,23.5,BURNOUT,BURNOUT,BURNOUT,BURNOUT,BURNOUT,LLLLLLLLLL,LLLL,
609,2026/04/14 14:53,0,57.8,65.6,72.4,23.1,23.4,BURNOUT,BURNOUT,BURNOUT,BURNOUT,BURNOUT,LLLLLLLLLL,LLLL,
610,2026/04/14 14:53,0,57.7,65.4,72.1,23.1,23.4,BURNOUT,BURNOUT,BURNOUT,BURNOUT,BURNOUT,LLLLLLLLLL,LLLL,
611,2026/04/14 14:53,0,57.5,65.2,72,23.1,23.4,BURNOUT,BURNOUT,BURNOUT,BURNOUT,BURNOUT,LLLLLLLLLL,LLLL,
612,2026/04/14 14:53,0,57.4,65,71.8,23.1,23.4,BURNOUT,BURNOUT,BURNOUT,BURNOUT,BURNOUT,LLLLLLLLLL,LLLL,
613,2026/04/14 14:53,0,57.3,64.8,71.5,23.1,23.4,BURNOUT,BURNOUT,BURNOUT,BURNOUT,BURNOUT,LLLLLLLLLL,LLLL,
614,2026/04/14 14:53,0,57,64.7,71.3,23.1,23.4,BURNOUT,BURNOUT,BURNOUT,BURNOUT,BURNOUT,LLLLLLLLLL,LLLL,
615,2026/04/14 14:53,0,57,64.5,71.1,23.1,23.4,BURNOUT,BURNOUT,BURNOUT,BURNOUT,BURNOUT,LLLLLLLLLL,LLLL,
616,2026/04/14 14:53,0,56.8,64.3,70.9,23.1,23.4,BURNOUT,BURNOUT,BURNOUT,BURNOUT,BURNOUT,LLLLLLLLLL,LLLL,
617,2026/04/14 14:53,0,56.6,64.2,70.7,23.1,23.4,BURNOUT,BURNOUT,BURNOUT,BURNOUT,BURNOUT,LLLLLLLLLL,LLLL,
618,2026/04/14 14:53,0,56.5,64,70.4,23.1,23.4,BURNOUT,BURNOUT,BURNOUT,BURNOUT,BURNOUT,LLLLLLLLLL,LLLL,
619,2026/04/14 14:53,0,56.3,63.8,70.3,23.1,23.4,BURNOUT,BURNOUT,BURNOUT,BURNOUT,BURNOUT,LLLLLLLLLL,LLLL,
620,2026/04/14 14:53,0,56.3,63.6,70,23.1,23.4,BURNOUT,BURNOUT,BURNOUT,BURNOUT,BURNOUT,LLLLLLLLLL,LLLL,
621,2026/04/14 14:53,0,56.1,63.4,69.8,23.1,23.4,BURNOUT,BURNOUT,BURNOUT,BURNOUT,BURNOUT,LLLLLLLLLL,LLLL,
622,2026/04/14 14:53,0,56,63.3,69.6,23.1,23.4,BURNOUT,BURNOUT,BURNOUT,BURNOUT,BURNOUT,LLLLLLLLLL,LLLL,
623,2026/04/14 14:53,0,55.8,63.1,69.3,23.1,23.4,BURNOUT,BURNOUT,BURNOUT,BURNOUT,BURNOUT,LLLLLLLLLL,LLLL,
624,2026/04/14 14:53,0,55.7,63,69.1,23.1,23.4,BURNOUT,BURNOUT,BURNOUT,BURNOUT,BURNOUT,LLLLLLLLLL,LLLL,
625,2026/04/14 14:53,0,55.5,62.8,69,23.1,23.4,BURNOUT,BURNOUT,BURNOUT,BURNOUT,BURNOUT,LLLLLLLLLL,LLLL,
626,2026/04/14 14:53,0,55.4,62.7,68.7,23.1,23.4,BURNOUT,BURNOUT,BURNOUT,BURNOUT,BURNOUT,LLLLLLLLLL,LLLL,
627,2026/04/14 14:53,0,55.2,62.5,68.5,23.1,23.4,BURNOUT,BURNOUT,BURNOUT,BURNOUT,BURNOUT,LLLLLLLLLL,LLLL,
628,2026/04/14 14:53,0,55.2,62.3,68.3,23.1,23.4,BURNOUT,BURNOUT,BURNOUT,BURNOUT,BURNOUT,LLLLLLLLLL,LLLL,
629,2026/04/14 14:53,0,55.1,62.1,68.2,23.1,23.4,BURNOUT,BURNOUT,BURNOUT,BURNOUT,BURNOUT,LLLLLLLLLL,LLLL,
630,2026/04/14 14:53,0,54.9,61.9,67.9,23.1,23.4,BURNOUT,BURNOUT,BURNOUT,BURNOUT,BURNOUT,LLLLLLLLLL,LLLL,
631,2026/04/14 14:53,0,54.8,61.8,67.7,23.1,23.4,BURNOUT,BURNOUT,BURNOUT,BURNOUT,BURNOUT,LLLLLLLLLL,LLLL,
632,2026/04/14 14:53,0,54.6,61.6,67.5,23.1,23.4,BURNOUT,BURNOUT,BURNOUT,BURNOUT,BURNOUT,LLLLLLLLLL,LLLL,
633,2026/04/14 14:53,0,54.5,61.5,67.2,23.1,23.4,BURNOUT,BURNOUT,BURNOUT,BURNOUT,BURNOUT,LLLLLLLLLL,LLLL,
634,2026/04/14 14:53,0,54.3,61.3,67.1,23.1,23.4,BURNOUT,BURNOUT,BURNOUT,BURNOUT,BURNOUT,LLLLLLLLLL,LLLL,
635,2026/04/14 14:53,0,54.2,61.2,66.9,23.1,23.4,BURNOUT,BURNOUT,BURNOUT,BURNOUT,BURNOUT,LLLLLLLLLL,LLLL,
636,2026/04/14 14:53,0,54.1,61,66.6,23.1,23.4,BURNOUT,BURNOUT,BURNOUT,BURNOUT,BURNOUT,LLLLLLLLLL,LLLL,
637,2026/04/14 14:53,0,53.9,60.8,66.5,23.1,23.4,BURNOUT,BURNOUT,BURNOUT,BURNOUT,BURNOUT,LLLLLLLLLL,LLLL,
638,2026/04/14 14:54,0,53.8,60.6,66.2,23,23.3,BURNOUT,BURNOUT,BURNOUT,BURNOUT,BURNOUT,LLLLLLLLLL,LLLL,
639,2026/04/14 14:54,0,53.7,60.4,66,23,23.3,BURNOUT,BURNOUT,BURNOUT,BURNOUT,BURNOUT,LLLLLLLLLL,LLLL,
640,2026/04/14 14:54,0,53.5,60.3,65.9,23.1,23.3,BURNOUT,BURNOUT,BURNOUT,BURNOUT,BURNOUT,LLLLLLLLLL,LLLL,
641,2026/04/14 14:54,0,53.4,60.1,65.6,23,23.3,BURNOUT,BURNOUT,BURNOUT,BURNOUT,BURNOUT,LLLLLLLLLL,LLLL,
642,2026/04/14 14:54,0,53.2,60,65.5,23,23.3,BURNOUT,BURNOUT,BURNOUT,BURNOUT,BURNOUT,LLLLLLLLLL,LLLL,
643,2026/04/14 14:54,0,53.2,59.8,65.3,23,23.3,BURNOUT,BURNOUT,BURNOUT,BURNOUT,BURNOUT,LLLLLLLLLL,LLLL,
644,2026/04/14 14:54,0,53.1,59.7,65.1,23,23.3,BURNOUT,BURNOUT,BURNOUT,BURNOUT,BURNOUT,LLLLLLLLLL,LLLL,
645,2026/04/14 14:54,0,52.9,59.5,64.8,23,23.3,BURNOUT,BURNOUT,BURNOUT,BURNOUT,BURNOUT,LLLLLLLLLL,LLLL,
646,2026/04/14 14:54,0,52.8,59.4,64.7,23,23.3,BURNOUT,BURNOUT,BURNOUT,BURNOUT,BURNOUT,LLLLLLLLLL,LLLL,
647,2026/04/14 14:54,0,52.6,59.2,64.5,23.1,23.3,BURNOUT,BURNOUT,BURNOUT,BURNOUT,BURNOUT,LLLLLLLLLL,LLLL,
648,2026/04/14 14:54,0,52.5,59,64.3,23,23.3,BURNOUT,BURNOUT,BURNOUT,BURNOUT,BURNOUT,LLLLLLLLLL,LLLL,
649,2026/04/14 14:54,0,52.4,58.9,64.2,23,23.3,BURNOUT,BURNOUT,BURNOUT,BURNOUT,BURNOUT,LLLLLLLLLL,LLLL,
650,2026/04/14 14:54,0,52.3,58.7,64,23,23.3,BURNOUT,BURNOUT,BURNOUT,BURNOUT,BURNOUT,LLLLLLLLLL,LLLL,
651,2026/04/14 14:54,0,52.2,58.6,63.8,23,23.3,BURNOUT,BURNOUT,BURNOUT,BURNOUT,BURNOUT,LLLLLLLLLL,LLLL,
652,2026/04/14 14:54,0,52,58.4,63.6,23,23.3,BURNOUT,BURNOUT,BURNOUT,BURNOUT,BURNOUT,LLLLLLLLLL,LLLL,
653,2026/04/14 14:54,0,51.9,58.3,63.5,23,23.3,BURNOUT,BURNOUT,BURNOUT,BURNOUT,BURNOUT,LLLLLLLLLL,LLLL,
654,2026/04/14 14:54,0,51.9,58.1,63.3,23.1,23.3,BURNOUT,BURNOUT,BURNOUT,BURNOUT,BURNOUT,LLLLLLLLLL,LLLL,
655,2026/04/14 14:54,0,51.7,58,63.1,23,23.3,BURNOUT,BURNOUT,BURNOUT,BURNOUT,BURNOUT,LLLLLLLLLL,LLLL,
656,2026/04/14 14:54,0,51.6,57.8,63,23,23.3,BURNOUT,BURNOUT,BURNOUT,BURNOUT,BURNOUT,LLLLLLLLLL,LLLL,
657,2026/04/14 14:54,0,51.5,57.7,62.8,23,23.2,BURNOUT,BURNOUT,BURNOUT,BURNOUT,BURNOUT,LLLLLLLLLL,LLLL,
658,2026/04/14 14:54,0,51.3,57.5,62.7,23,23.3,BURNOUT,BURNOUT,BURNOUT,BURNOUT,BURNOUT,LLLLLLLLLL,LLLL,
659,2026/04/14 14:54,0,51.3,57.4,62.5,23,23.3,BURNOUT,BURNOUT,BURNOUT,BURNOUT,BURNOUT,LLLLLLLLLL,LLLL,
660,2026/04/14 14:54,0,51.1,57.2,62.4,23,23.3,BURNOUT,BURNOUT,BURNOUT,BURNOUT,BURNOUT,LLLLLLLLLL,LLLL,
661,2026/04/14 14:54,0,51,57.2,62.2,23,23.3,BURNOUT,BURNOUT,BURNOUT,BURNOUT,BURNOUT,LLLLLLLLLL,LLLL,
662,2026/04/14 14:54,0,50.9,57,62.1,23,23.3,BURNOUT,BURNOUT,BURNOUT,BURNOUT,BURNOUT,LLLLLLLLLL,LLLL,
663,2026/04/14 14:54,0,50.8,56.8,61.9,23,23.3,BURNOUT,BURNOUT,BURNOUT,BURNOUT,BURNOUT,LLLLLLLLLL,LLLL,
664,2026/04/14 14:54,0,50.7,56.7,61.8,23,23.3,BURNOUT,BURNOUT,BURNOUT,BURNOUT,BURNOUT,LLLLLLLLLL,LLLL,
665,2026/04/14 14:54,0,50.5,56.5,61.7,23,23.3,BURNOUT,BURNOUT,BURNOUT,BURNOUT,BURNOUT,LLLLLLLLLL,LLLL,
666,2026/04/14 14:54,0,50.5,56.4,61.5,23,23.3,BURNOUT,BURNOUT,BURNOUT,BURNOUT,BURNOUT,LLLLLLLLLL,LLLL,
667,2026/04/14 14:54,0,50.4,56.3,61.4,23,23.3,BURNOUT,BURNOUT,BURNOUT,BURNOUT,BURNOUT,LLLLLLLLLL,LLLL,
668,2026/04/14 14:54,0,50.2,56.1,61.3,23,23.3,BURNOUT,BURNOUT,BURNOUT,BURNOUT,BURNOUT,LLLLLLLLLL,LLLL,
669,2026/04/14 14:54,0,50.1,56,61.2,23,23.3,BURNOUT,BURNOUT,BURNOUT,BURNOUT,BURNOUT,LLLLLLLLLL,LLLL,
670,2026/04/14 14:54,0,50,55.8,61,23,23.3,BURNOUT,BURNOUT,BURNOUT,BURNOUT,BURNOUT,LLLLLLLLLL,LLLL,
671,2026/04/14 14:54,0,49.9,55.7,60.9,23,23.3,BURNOUT,BURNOUT,BURNOUT,BURNOUT,BURNOUT,LLLLLLLLLL,LLLL,
672,2026/04/14 14:54,0,49.7,55.5,60.7,23,23.3,BURNOUT,BURNOUT,BURNOUT,BURNOUT,BURNOUT,LLLLLLLLLL,LLLL,
673,2026/04/14 14:54,0,49.7,55.4,60.7,23,23.3,BURNOUT,BURNOUT,BURNOUT,BURNOUT,BURNOUT,LLLLLLLLLL,LLLL,
674,2026/04/14 14:54,0,49.6,55.3,60.5,23,23.3,BURNOUT,BURNOUT,BURNOUT,BURNOUT,BURNOUT,LLLLLLLLLL,LLLL,
675,2026/04/14 14:54,0,49.4,55.2,60.4,23,23.3,BURNOUT,BURNOUT,BURNOUT,BURNOUT,BURNOUT,LLLLLLLLLL,LLLL,
676,2026/04/14 14:54,0,49.4,55.1,60.3,23,23.3,BURNOUT,BURNOUT,BURNOUT,BURNOUT,BURNOUT,LLLLLLLLLL,LLLL,
677,2026/04/14 14:54,0,49.3,54.9,60.2,23,23.3,BURNOUT,BURNOUT,BURNOUT,BURNOUT,BURNOUT,LLLLLLLLLL,LLLL,
678,2026/04/14 14:54,0,49.1,54.8,60.1,23,23.3,BURNOUT,BURNOUT,BURNOUT,BURNOUT,BURNOUT,LLLLLLLLLL,LLLL,
679,2026/04/14 14:54,0,49.1,54.6,59.9,23,23.2,BURNOUT,BURNOUT,BURNOUT,BURNOUT,BURNOUT,LLLLLLLLLL,LLLL,
680,2026/04/14 14:54,0,48.9,54.5,59.8,23,23.3,BURNOUT,BURNOUT,BURNOUT,BURNOUT,BURNOUT,LLLLLLLLLL,LLLL,
681,2026/04/14 14:54,0,48.8,54.4,59.7,23,23.3,BURNOUT,BURNOUT,BURNOUT,BURNOUT,BURNOUT,LLLLLLLLLL,LLLL,
682,2026/04/14 14:54,0,48.7,54.2,59.6,23,23.3,BURNOUT,BURNOUT,BURNOUT,BURNOUT,BURNOUT,LLLLLLLLLL,LLLL,
683,2026/04/14 14:54,0,48.6,54.2,59.5,23,23.2,BURNOUT,BURNOUT,BURNOUT,BURNOUT,BURNOUT,LLLLLLLLLL,LLLL,
684,2026/04/14 14:54,0,48.5,54,59.4,23,23.2,BURNOUT,BURNOUT,BURNOUT,BURNOUT,BURNOUT,LLLLLLLLLL,LLLL,
685,2026/04/14 14:54,0,48.4,53.9,59.2,23,23.3,BURNOUT,BURNOUT,BURNOUT,BURNOUT,BURNOUT,LLLLLLLLLL,LLLL,
686,2026/04/14 14:54,0,48.3,53.7,59.1,23,23.3,BURNOUT,BURNOUT,BURNOUT,BURNOUT,BURNOUT,LLLLLLLLLL,LLLL,
687,2026/04/14 14:54,0,48.2,53.6,59,23,23.3,BURNOUT,BURNOUT,BURNOUT,BURNOUT,BURNOUT,LLLLLLLLLL,LLLL,
688,2026/04/14 14:54,0,48.1,53.5,58.9,23,23.3,BURNOUT,BURNOUT,BURNOUT,BURNOUT,BURNOUT,LLLLLLLLLL,LLLL,
689,2026/04/14 14:54,0,48,53.4,58.8,23,23.3,BURNOUT,BURNOUT,BURNOUT,BURNOUT,BURNOUT,LLLLLLLLLL,LLLL,
690,2026/04/14 14:54,0,47.9,53.2,58.7,23,23.3,BURNOUT,BURNOUT,BURNOUT,BURNOUT,BURNOUT,LLLLLLLLLL,LLLL,
691,2026/04/14 14:54,0,47.8,53.1,58.6,23,23.3,BURNOUT,BURNOUT,BURNOUT,BURNOUT,BURNOUT,LLLLLLLLLL,LLLL,
692,2026/04/14 14:54,0,47.7,53,58.4,23,23.3,BURNOUT,BURNOUT,BURNOUT,BURNOUT,BURNOUT,LLLLLLLLLL,LLLL,
693,2026/04/14 14:54,0,47.6,52.9,58.3,23,23.2,BURNOUT,BURNOUT,BURNOUT,BURNOUT,BURNOUT,LLLLLLLLLL,LLLL,
694,2026/04/14 14:54,0,47.5,52.8,58.3,23,23.3,BURNOUT,BURNOUT,BURNOUT,BURNOUT,BURNOUT,LLLLLLLLLL,LLLL,
695,2026/04/14 14:54,0,47.4,52.6,58.1,23,23.3,BURNOUT,BURNOUT,BURNOUT,BURNOUT,BURNOUT,LLLLLLLLLL,LLLL,
696,2026/04/14 14:54,0,47.3,52.5,58,23,23.3,BURNOUT,BURNOUT,BURNOUT,BURNOUT,BURNOUT,LLLLLLLLLL,LLLL,
697,2026/04/14 14:54,0,47.2,52.4,58,23,23.2,BURNOUT,BURNOUT,BURNOUT,BURNOUT,BURNOUT,LLLLLLLLLL,LLLL,
698,2026/04/14 14:55,0,47.1,52.3,57.8,23,23.3,BURNOUT,BURNOUT,BURNOUT,BURNOUT,BURNOUT,LLLLLLLLLL,LLLL,
699,2026/04/14 14:55,0,47,52.2,57.7,23,23.3,BURNOUT,BURNOUT,BURNOUT,BURNOUT,BURNOUT,LLLLLLLLLL,LLLL,
700,2026/04/14 14:55,0,46.9,52.1,57.7,23,23.3,BURNOUT,BURNOUT,BURNOUT,BURNOUT,BURNOUT,LLLLLLLLLL,LLLL,
701,2026/04/14 14:55,0,46.8,52,57.5,23,23.2,BURNOUT,BURNOUT,BURNOUT,BURNOUT,BURNOUT,LLLLLLLLLL,LLLL,
702,2026/04/14 14:55,0,46.7,51.9,57.4,23,23.3,BURNOUT,BURNOUT,BURNOUT,BURNOUT,BURNOUT,LLLLLLLLLL,LLLL,
703,2026/04/14 14:55,0,46.6,51.8,57.3,23,23.3,BURNOUT,BURNOUT,BURNOUT,BURNOUT,BURNOUT,LLLLLLLLLL,LLLL,
704,2026/04/14 14:55,0,46.5,51.6,57.2,23,23.3,BURNOUT,BURNOUT,BURNOUT,BURNOUT,BURNOUT,LLLLLLLLLL,LLLL,
705,2026/04/14 14:55,0,46.4,51.5,57.1,23,23.2,BURNOUT,BURNOUT,BURNOUT,BURNOUT,BURNOUT,LLLLLLLLLL,LLLL,
706,2026/04/14 14:55,0,46.3,51.4,56.9,23,23.2,BURNOUT,BURNOUT,BURNOUT,BURNOUT,BURNOUT,LLLLLLLLLL,LLLL,
707,2026/04/14 14:55,0,46.2,51.3,56.9,23,23.2,BURNOUT,BURNOUT,BURNOUT,BURNOUT,BURNOUT,LLLLLLLLLL,LLLL,
708,2026/04/14 14:55,0,46.1,51.1,56.7,23,23.2,BURNOUT,BURNOUT,BURNOUT,BURNOUT,BURNOUT,LLLLLLLLLL,LLLL,
709,2026/04/14 14:55,0,46,51.1,56.6,23,23.2,BURNOUT,BURNOUT,BURNOUT,BURNOUT,BURNOUT,LLLLLLLLLL,LLLL,
710,2026/04/14 14:55,0,46,51,56.6,23.1,23.3,BURNOUT,BURNOUT,BURNOUT,BURNOUT,BURNOUT,LLLLLLLLLL,LLLL,
711,2026/04/14 14:55,0,45.9,51,56.4,23,23.3,BURNOUT,BURNOUT,BURNOUT,BURNOUT,BURNOUT,LLLLLLLLLL,LLLL,
712,2026/04/14 14:55,0,45.8,50.8,56.3,23.1,23.3,BURNOUT,BURNOUT,BURNOUT,BURNOUT,BURNOUT,LLLLLLLLLL,LLLL,
713,2026/04/14 14:55,0,45.7,50.7,56.3,23.1,23.3,BURNOUT,BURNOUT,BURNOUT,BURNOUT,BURNOUT,LLLLLLLLLL,LLLL,
714,2026/04/14 14:55,0,45.6,50.7,56.1,23.1,23.3,BURNOUT,BURNOUT,BURNOUT,BURNOUT,BURNOUT,LLLLLLLLLL,LLLL,
715,2026/04/14 14:55,0,45.5,50.5,56,23.1,23.3,BURNOUT,BURNOUT,BURNOUT,BURNOUT,BURNOUT,LLLLLLLLLL,LLLL,
716,2026/04/14 14:55,0,45.4,50.4,55.9,23.1,23.3,BURNOUT,BURNOUT,BURNOUT,BURNOUT,BURNOUT,LLLLLLLLLL,LLLL,
717,2026/04/14 14:55,0,45.3,50.4,55.8,23.1,23.3,BURNOUT,BURNOUT,BURNOUT,BURNOUT,BURNOUT,LLLLLLLLLL,LLLL,
718,2026/04/14 14:55,0,45.3,50.2,55.7,23.1,23.3,BURNOUT,BURNOUT,BURNOUT,BURNOUT,BURNOUT,LLLLLLLLLL,LLLL,
719,2026/04/14 14:55,0,45.2,50.1,55.6,23,23.3,BURNOUT,BURNOUT,BURNOUT,BURNOUT,BURNOUT,LLLLLLLLLL,LLLL,
720,2026/04/14 14:55,0,45.1,50.1,55.5,23.1,23.3,BURNOUT,BURNOUT,BURNOUT,BURNOUT,BURNOUT,LLLLLLLLLL,LLLL,
721,2026/04/14 14:55,0,45,49.9,55.4,23,23.3,BURNOUT,BURNOUT,BURNOUT,BURNOUT,BURNOUT,LLLLLLLLLL,LLLL,
722,2026/04/14 14:55,0,45,49.8,55.2,23,23.3,BURNOUT,BURNOUT,BURNOUT,BURNOUT,BURNOUT,LLLLLLLLLL,LLLL,
723,2026/04/14 14:55,0,44.9,49.7,55.2,23.1,23.3,BURNOUT,BURNOUT,BURNOUT,BURNOUT,BURNOUT,LLLLLLLLLL,LLLL,
724,2026/04/14 14:55,0,44.7,49.7,55,23.1,23.3,BURNOUT,BURNOUT,BURNOUT,BURNOUT,BURNOUT,LLLLLLLLLL,LLLL,
725,2026/04/14 14:55,0,44.6,49.6,54.9,23,23.3,BURNOUT,BURNOUT,BURNOUT,BURNOUT,BURNOUT,LLLLLLLLLL,LLLL,
726,2026/04/14 14:55,0,44.6,49.4,54.8,23.1,23.3,BURNOUT,BURNOUT,BURNOUT,BURNOUT,BURNOUT,LLLLLLLLLL,LLLL,
727,2026/04/14 14:55,0,44.5,49.4,54.7,23.1,23.3,BURNOUT,BURNOUT,BURNOUT,BURNOUT,BURNOUT,LLLLLLLLLL,LLLL,
728,2026/04/14 14:55,0,44.4,49.3,54.6,23.1,23.3,BURNOUT,BURNOUT,BURNOUT,BURNOUT,BURNOUT,LLLLLLLLLL,LLLL,
729,2026/04/14 14:55,0,44.3,49.2,54.5,23.1,23.3,BURNOUT,BURNOUT,BURNOUT,BURNOUT,BURNOUT,LLLLLLLLLL,LLLL,
730,2026/04/14 14:55,0,44.3,49.1,54.3,23,23.3,BURNOUT,BURNOUT,BURNOUT,BURNOUT,BURNOUT,LLLLLLLLLL,LLLL,
731,2026/04/14 14:55,0,44.1,49.1,54.2,23.1,23.3,BURNOUT,BURNOUT,BURNOUT,BURNOUT,BURNOUT,LLLLLLLLLL,LLLL,
732,2026/04/14 14:55,0,44,49,54.2,23,23.3,BURNOUT,BURNOUT,BURNOUT,BURNOUT,BURNOUT,LLLLLLLLLL,LLLL,
733,2026/04/14 14:55,0,44,48.8,54,23.1,23.3,BURNOUT,BURNOUT,BURNOUT,BURNOUT,BURNOUT,LLLLLLLLLL,LLLL,
734,2026/04/14 14:55,0,43.8,48.8,53.9,23.1,23.3,BURNOUT,BURNOUT,BURNOUT,BURNOUT,BURNOUT,LLLLLLLLLL,LLLL,
735,2026/04/14 14:55,0,43.8,48.7,53.8,23.1,23.3,BURNOUT,BURNOUT,BURNOUT,BURNOUT,BURNOUT,LLLLLLLLLL,LLLL,
736,2026/04/14 14:55,0,43.7,48.6,53.7,23.1,23.3,BURNOUT,BURNOUT,BURNOUT,BURNOUT,BURNOUT,LLLLLLLLLL,LLLL,
737,2026/04/14 14:55,0,43.7,48.5,53.5,23.1,23.3,BURNOUT,BURNOUT,BURNOUT,BURNOUT,BURNOUT,LLLLLLLLLL,LLLL,
738,2026/04/14 14:55,0,43.5,48.4,53.5,23.1,23.3,BURNOUT,BURNOUT,BURNOUT,BURNOUT,BURNOUT,LLLLLLLLLL,LLLL,
739,2026/04/14 14:55,0,43.5,48.4,53.3,23.1,23.3,BURNOUT,BURNOUT,BURNOUT,BURNOUT,BURNOUT,LLLLLLLLLL,LLLL,
740,2026/04/14 14:55,0,43.4,48.3,53.2,23.1,23.3,BURNOUT,BURNOUT,BURNOUT,BURNOUT,BURNOUT,LLLLLLLLLL,LLLL,
741,2026/04/14 14:55,0,43.3,48.2,53.2,23.1,23.3,BURNOUT,BURNOUT,BURNOUT,BURNOUT,BURNOUT,LLLLLLLLLL,LLLL,
742,2026/04/14 14:55,0,43.2,48.2,53.1,23.1,23.3,BURNOUT,BURNOUT,BURNOUT,BURNOUT,BURNOUT,LLLLLLLLLL,LLLL,
743,2026/04/14 14:55,0,43.2,48.1,52.9,23,23.3,BURNOUT,BURNOUT,BURNOUT,BURNOUT,BURNOUT,LLLLLLLLLL,LLLL,
744,2026/04/14 14:55,0,43.1,48,52.8,23.1,23.2,BURNOUT,BURNOUT,BURNOUT,BURNOUT,BURNOUT,LLLLLLLLLL,LLLL,
745,2026/04/14 14:55,0,43,47.9,52.7,23.1,23.3,BURNOUT,BURNOUT,BURNOUT,BURNOUT,BURNOUT,LLLLLLLLLL,LLLL,
746,2026/04/14 14:55,0,42.9,47.9,52.6,23.1,23.3,BURNOUT,BURNOUT,BURNOUT,BURNOUT,BURNOUT,LLLLLLLLLL,LLLL,
747,2026/04/14 14:55,0,42.9,47.8,52.5,23.1,23.3,BURNOUT,BURNOUT,BURNOUT,BURNOUT,BURNOUT,LLLLLLLLLL,LLLL,
748,2026/04/14 14:55,0,42.8,47.7,52.4,23,23.2,BURNOUT,BURNOUT,BURNOUT,BURNOUT,BURNOUT,LLLLLLLLLL,LLLL,
749,2026/04/14 14:55,0,42.6,47.7,52.2,23,23.3,BURNOUT,BURNOUT,BURNOUT,BURNOUT,BURNOUT,LLLLLLLLLL,LLLL,
750,2026/04/14 14:55,0,42.6,47.6,52.2,23,23.3,BURNOUT,BURNOUT,BURNOUT,BURNOUT,BURNOUT,LLLLLLLLLL,LLLL,
751,2026/04/14 14:55,0,42.6,47.5,52,23.1,23.2,BURNOUT,BURNOUT,BURNOUT,BURNOUT,BURNOUT,LLLLLLLLLL,LLLL,
752,2026/04/14 14:55,0,42.4,47.4,52,23.1,23.3,BURNOUT,BURNOUT,BURNOUT,BURNOUT,BURNOUT,LLLLLLLLLL,LLLL,
753,2026/04/14 14:55,0,42.4,47.4,51.9,23.1,23.3,BURNOUT,BURNOUT,BURNOUT,BURNOUT,BURNOUT,LLLLLLLLLL,LLLL,
754,2026/04/14 14:55,0,42.3,47.3,51.7,23,23.2,BURNOUT,BURNOUT,BURNOUT,BURNOUT,BURNOUT,LLLLLLLLLL,LLLL,
755,2026/04/14 14:55,0,42.3,47.2,51.6,23,23.2,BURNOUT,BURNOUT,BURNOUT,BURNOUT,BURNOUT,LLLLLLLLLL,LLLL,
756,2026/04/14 14:55,0,42.1,47.2,51.5,23.1,23.3,BURNOUT,BURNOUT,BURNOUT,BURNOUT,BURNOUT,LLLLLLLLLL,LLLL,
757,2026/04/14 14:55,0,42.1,47.1,51.4,23,23.3,BURNOUT,BURNOUT,BURNOUT,BURNOUT,BURNOUT,LLLLLLLLLL,LLLL,
758,2026/04/14 14:56,0,42,47,51.3,23,23.3,BURNOUT,BURNOUT,BURNOUT,BURNOUT,BURNOUT,LLLLLLLLLL,LLLL,
759,2026/04/14 14:56,0,42,47,51.1,23,23.2,BURNOUT,BURNOUT,BURNOUT,BURNOUT,BURNOUT,LLLLLLLLLL,LLLL,
760,2026/04/14 14:56,0,41.8,47,51.1,23.1,23.3,BURNOUT,BURNOUT,BURNOUT,BURNOUT,BURNOUT,LLLLLLLLLL,LLLL,
761,2026/04/14 14:56,0,41.8,46.9,51,23,23.2,BURNOUT,BURNOUT,BURNOUT,BURNOUT,BURNOUT,LLLLLLLLLL,LLLL,
762,2026/04/14 14:56,0,41.7,46.7,50.9,23,23.2,BURNOUT,BURNOUT,BURNOUT,BURNOUT,BURNOUT,LLLLLLLLLL,LLLL,
763,2026/04/14 14:56,0,41.6,46.7,50.8,23,23.2,BURNOUT,BURNOUT,BURNOUT,BURNOUT,BURNOUT,LLLLLLLLLL,LLLL,
764,2026/04/14 14:56,0,41.5,46.7,50.8,23.1,23.3,BURNOUT,BURNOUT,BURNOUT,BURNOUT,BURNOUT,LLLLLLLLLL,LLLL,
765,2026/04/14 14:56,0,41.5,46.6,50.6,23.1,23.3,BURNOUT,BURNOUT,BURNOUT,BURNOUT,BURNOUT,LLLLLLLLLL,LLLL,
766,2026/04/14 14:56,0,41.5,46.6,50.5,23.1,23.3,BURNOUT,BURNOUT,BURNOUT,BURNOUT,BURNOUT,LLLLLLLLLL,LLLL,
767,2026/04/14 14:56,0,41.4,46.5,50.5,23.1,23.2,BURNOUT,BURNOUT,BURNOUT,BURNOUT,BURNOUT,LLLLLLLLLL,LLLL,
768,2026/04/14 14:56,0,41.3,46.4,50.4,23.1,23.3,BURNOUT,BURNOUT,BURNOUT,BURNOUT,BURNOUT,LLLLLLLLLL,LLLL,
769,2026/04/14 14:56,0,41.2,46.4,50.3,23.1,23.3,BURNOUT,BURNOUT,BURNOUT,BURNOUT,BURNOUT,LLLLLLLLLL,LLLL,
770,2026/04/14 14:56,0,41.2,46.3,50.1,23.1,23.2,BURNOUT,BURNOUT,BURNOUT,BURNOUT,BURNOUT,LLLLLLLLLL,LLLL,
771,2026/04/14 14:56,0,41.1,46.2,50.1,23.1,23.3,BURNOUT,BURNOUT,BURNOUT,BURNOUT,BURNOUT,LLLLLLLLLL,LLLL,
772,2026/04/14 14:56,0,41,46.1,49.9,23,23.3,BURNOUT,BURNOUT,BURNOUT,BURNOUT,BURNOUT,LLLLLLLLLL,LLLL,
773,2026/04/14 14:56,0,40.9,46.1,49.8,23,23.2,BURNOUT,BURNOUT,BURNOUT,BURNOUT,BURNOUT,LLLLLLLLLL,LLLL,
774,2026/04/14 14:56,0,40.9,46,49.7,23,23.3,BURNOUT,BURNOUT,BURNOUT,BURNOUT,BURNOUT,LLLLLLLLLL,LLLL,
775,2026/04/14 14:56,0,40.8,46,49.7,23.1,23.3,BURNOUT,BURNOUT,BURNOUT,BURNOUT,BURNOUT,LLLLLLLLLL,LLLL,
776,2026/04/14 14:56,0,40.8,45.9,49.5,23.1,23.2,BURNOUT,BURNOUT,BURNOUT,BURNOUT,BURNOUT,LLLLLLLLLL,LLLL,
777,2026/04/14 14:56,0,40.7,45.9,49.4,23.1,23.3,BURNOUT,BURNOUT,BURNOUT,BURNOUT,BURNOUT,LLLLLLLLLL,LLLL,
778,2026/04/14 14:56,0,40.6,45.8,49.4,23,23.3,BURNOUT,BURNOUT,BURNOUT,BURNOUT,BURNOUT,LLLLLLLLLL,LLLL,
779,2026/04/14 14:56,0,40.5,45.7,49.2,23,23.2,BURNOUT,BURNOUT,BURNOUT,BURNOUT,BURNOUT,LLLLLLLLLL,LLLL,
780,2026/04/14 14:56,0,40.5,45.6,49.1,23,23.2,BURNOUT,BURNOUT,BURNOUT,BURNOUT,BURNOUT,LLLLLLLLLL,LLLL,
781,2026/04/14 14:56,0,40.4,45.6,49.1,23.1,23.2,BURNOUT,BURNOUT,BURNOUT,BURNOUT,BURNOUT,LLLLLLLLLL,LLLL,
782,2026/04/14 14:56,0,40.3,45.6,49,23,23.2,BURNOUT,BURNOUT,BURNOUT,BURNOUT,BURNOUT,LLLLLLLLLL,LLLL,
783,2026/04/14 14:56,0,40.3,45.6,48.9,23.1,23.3,BURNOUT,BURNOUT,BURNOUT,BURNOUT,BURNOUT,LLLLLLLLLL,LLLL,
784,2026/04/14 14:56,0,40.1,45.5,48.8,23.1,23.3,BURNOUT,BURNOUT,BURNOUT,BURNOUT,BURNOUT,LLLLLLLLLL,LLLL,
785,2026/04/14 14:56,0,40.1,45.4,48.7,23,23.2,BURNOUT,BURNOUT,BURNOUT,BURNOUT,BURNOUT,LLLLLLLLLL,LLLL,
786,2026/04/14 14:56,0,40,45.3,48.6,23,23.2,BURNOUT,BURNOUT,BURNOUT,BURNOUT,BURNOUT,LLLLLLLLLL,LLLL,
787,2026/04/14 14:56,0,40,45.3,48.5,23.1,23.2,BURNOUT,BURNOUT,BURNOUT,BURNOUT,BURNOUT,LLLLLLLLLL,LLLL,
788,2026/04/14 14:56,0,40,45.2,48.4,23,23.2,BURNOUT,BURNOUT,BURNOUT,BURNOUT,BURNOUT,LLLLLLLLLL,LLLL,
789,2026/04/14 14:56,0,39.8,45.2,48.4,23.1,23.2,BURNOUT,BURNOUT,BURNOUT,BURNOUT,BURNOUT,LLLLLLLLLL,LLLL,
790,2026/04/14 14:56,0,39.8,45.2,48.2,23,23.2,BURNOUT,BURNOUT,BURNOUT,BURNOUT,BURNOUT,LLLLLLLLLL,LLLL,
791,2026/04/14 14:56,0,39.7,45.1,48.1,23.1,23.2,BURNOUT,BURNOUT,BURNOUT,BURNOUT,BURNOUT,LLLLLLLLLL,LLLL,
792,2026/04/14 14:56,0,39.6,45,48.1,23,23.2,BURNOUT,BURNOUT,BURNOUT,BURNOUT,BURNOUT,LLLLLLLLLL,LLLL,
793,2026/04/14 14:56,0,39.5,45,47.9,23.1,23.2,BURNOUT,BURNOUT,BURNOUT,BURNOUT,BURNOUT,LLLLLLLLLL,LLLL,
794,2026/04/14 14:56,0,39.5,44.9,47.8,23,23.2,BURNOUT,BURNOUT,BURNOUT,BURNOUT,BURNOUT,LLLLLLLLLL,LLLL,
795,2026/04/14 14:56,0,39.5,44.9,47.8,23.1,23.2,BURNOUT,BURNOUT,BURNOUT,BURNOUT,BURNOUT,LLLLLLLLLL,LLLL,
796,2026/04/14 14:56,0,39.4,44.8,47.7,23.1,23.3,BURNOUT,BURNOUT,BURNOUT,BURNOUT,BURNOUT,LLLLLLLLLL,LLLL,
797,2026/04/14 14:56,0,39.3,44.7,47.6,23.1,23.2,BURNOUT,BURNOUT,BURNOUT,BURNOUT,BURNOUT,LLLLLLLLLL,LLLL,
798,2026/04/14 14:56,0,39.2,44.7,47.5,23.1,23.2,BURNOUT,BURNOUT,BURNOUT,BURNOUT,BURNOUT,LLLLLLLLLL,LLLL,
799,2026/04/14 14:56,0,39.2,44.6,47.4,23,23.1,BURNOUT,BURNOUT,BURNOUT,BURNOUT,BURNOUT,LLLLLLLLLL,LLLL,
800,2026/04/14 14:56,0,39.1,44.6,47.4,23,23.2,BURNOUT,BURNOUT,BURNOUT,BURNOUT,BURNOUT,LLLLLLLLLL,LLLL,
801,2026/04/14 14:56,0,39,44.6,47.3,23,23.2,BURNOUT,BURNOUT,BURNOUT,BURNOUT,BURNOUT,LLLLLLLLLL,LLLL,
802,2026/04/14 14:56,0,39,44.6,47.2,23.1,23.2,BURNOUT,BURNOUT,BURNOUT,BURNOUT,BURNOUT,LLLLLLLLLL,LLLL,
803,2026/04/14 14:56,0,38.9,44.4,47,23.1,23.2,BURNOUT,BURNOUT,BURNOUT,BURNOUT,BURNOUT,LLLLLLLLLL,LLLL,
804,2026/04/14 14:56,0,38.9,44.4,47,23,23.2,BURNOUT,BURNOUT,BURNOUT,BURNOUT,BURNOUT,LLLLLLLLLL,LLLL,
805,2026/04/14 14:56,0,38.8,44.4,46.9,23.1,23.2,BURNOUT,BURNOUT,BURNOUT,BURNOUT,BURNOUT,LLLLLLLLLL,LLLL,
806,2026/04/14 14:56,0,38.7,44.3,46.8,23,23.2,BURNOUT,BURNOUT,BURNOUT,BURNOUT,BURNOUT,LLLLLLLLLL,LLLL,
807,2026/04/14 14:56,0,38.7,44.3,46.7,23,23.2,BURNOUT,BURNOUT,BURNOUT,BURNOUT,BURNOUT,LLLLLLLLLL,LLLL,
808,2026/04/14 14:56,0,38.6,44.2,46.7,23,23.2,BURNOUT,BURNOUT,BURNOUT,BURNOUT,BURNOUT,LLLLLLLLLL,LLLL,
809,2026/04/14 14:56,0,38.5,44.1,46.6,23,23.2,BURNOUT,BURNOUT,BURNOUT,BURNOUT,BURNOUT,LLLLLLLLLL,LLLL,
810,2026/04/14 14:56,0,38.5,44.1,46.5,23,23.2,BURNOUT,BURNOUT,BURNOUT,BURNOUT,BURNOUT,LLLLLLLLLL,LLLL,
811,2026/04/14 14:56,0,38.4,44.1,46.4,23,23.3,BURNOUT,BURNOUT,BURNOUT,BURNOUT,BURNOUT,LLLLLLLLLL,LLLL,
812,2026/04/14 14:56,0,38.4,44,46.3,23.1,23.2,BURNOUT,BURNOUT,BURNOUT,BURNOUT,BURNOUT,LLLLLLLLLL,LLLL,
813,2026/04/14 14:56,0,38.3,44,46.2,23.1,23.2,BURNOUT,BURNOUT,BURNOUT,BURNOUT,BURNOUT,LLLLLLLLLL,LLLL,
814,2026/04/14 14:56,0,38.2,44,46.1,23,23.2,BURNOUT,BURNOUT,BURNOUT,BURNOUT,BURNOUT,LLLLLLLLLL,LLLL,
815,2026/04/14 14:56,0,38.2,43.9,46.1,23.1,23.2,BURNOUT,BURNOUT,BURNOUT,BURNOUT,BURNOUT,LLLLLLLLLL,LLLL,
816,2026/04/14 14:56,0,38.1,43.8,46,23.1,23.1,BURNOUT,BURNOUT,BURNOUT,BURNOUT,BURNOUT,LLLLLLLLLL,LLLL,
817,2026/04/14 14:56,0,38.1,43.8,45.9,23.1,23.2,BURNOUT,BURNOUT,BURNOUT,BURNOUT,BURNOUT,LLLLLLLLLL,LLLL,
818,2026/04/14 14:57,0,38.1,43.7,45.8,23,23.2,BURNOUT,BURNOUT,BURNOUT,BURNOUT,BURNOUT,LLLLLLLLLL,LLLL,
819,2026/04/14 14:57,0,37.9,43.7,45.7,23.1,23.2,BURNOUT,BURNOUT,BURNOUT,BURNOUT,BURNOUT,LLLLLLLLLL,LLLL,
820,2026/04/14 14:57,0,37.9,43.6,45.6,23,23.2,BURNOUT,BURNOUT,BURNOUT,BURNOUT,BURNOUT,LLLLLLLLLL,LLLL,
821,2026/04/14 14:57,0,37.9,43.6,45.6,23.1,23.2,BURNOUT,BURNOUT,BURNOUT,BURNOUT,BURNOUT,LLLLLLLLLL,LLLL,
822,2026/04/14 14:57,0,37.8,43.5,45.5,23.1,23.2,BURNOUT,BURNOUT,BURNOUT,BURNOUT,BURNOUT,LLLLLLLLLL,LLLL,
823,2026/04/14 14:57,0,37.7,43.5,45.4,23.1,23.1,BURNOUT,BURNOUT,BURNOUT,BURNOUT,BURNOUT,LLLLLLLLLL,LLLL,
824,2026/04/14 14:57,0,37.7,43.5,45.3,23,23.1,BURNOUT,BURNOUT,BURNOUT,BURNOUT,BURNOUT,LLLLLLLLLL,LLLL,
825,2026/04/14 14:57,0,37.6,43.4,45.3,23.1,23.2,BURNOUT,BURNOUT,BURNOUT,BURNOUT,BURNOUT,LLLLLLLLLL,LLLL,
826,2026/04/14 14:57,0,37.6,43.3,45.2,23,23.2,BURNOUT,BURNOUT,BURNOUT,BURNOUT,BURNOUT,LLLLLLLLLL,LLLL,
827,2026/04/14 14:57,0,37.5,43.3,45.1,23.1,23.2,BURNOUT,BURNOUT,BURNOUT,BURNOUT,BURNOUT,LLLLLLLLLL,LLLL,
828,2026/04/14 14:57,0,37.4,43.3,45,23,23.2,BURNOUT,BURNOUT,BURNOUT,BURNOUT,BURNOUT,LLLLLLLLLL,LLLL,
829,2026/04/14 14:57,0,37.4,43.2,45,23,23.1,BURNOUT,BURNOUT,BURNOUT,BURNOUT,BURNOUT,LLLLLLLLLL,LLLL,
830,2026/04/14 14:57,0,37.3,43.1,44.9,23,23.1,BURNOUT,BURNOUT,BURNOUT,BURNOUT,BURNOUT,LLLLLLLLLL,LLLL,
831,2026/04/14 14:57,0,37.3,43.1,44.8,23.1,23.2,BURNOUT,BURNOUT,BURNOUT,BURNOUT,BURNOUT,LLLLLLLLLL,LLLL,
832,2026/04/14 14:57,0,37.3,43.1,44.7,23.1,23.2,BURNOUT,BURNOUT,BURNOUT,BURNOUT,BURNOUT,LLLLLLLLLL,LLLL,
833,2026/04/14 14:57,0,37.2,43,44.6,23,23.2,BURNOUT,BURNOUT,BURNOUT,BURNOUT,BURNOUT,LLLLLLLLLL,LLLL,
834,2026/04/14 14:57,0,37.1,43,44.6,23.1,23.2,BURNOUT,BURNOUT,BURNOUT,BURNOUT,BURNOUT,LLLLLLLLLL,LLLL,
835,2026/04/14 14:57,0,37,42.9,44.5,23,23.2,BURNOUT,BURNOUT,BURNOUT,BURNOUT,BURNOUT,LLLLLLLLLL,LLLL,
836,2026/04/14 14:57,0,37,42.9,44.4,23.1,23.2,BURNOUT,BURNOUT,BURNOUT,BURNOUT,BURNOUT,LLLLLLLLLL,LLLL,
837,2026/04/14 14:57,0,37,42.9,44.3,23.1,23.2,BURNOUT,BURNOUT,BURNOUT,BURNOUT,BURNOUT,LLLLLLLLLL,LLLL,
838,2026/04/14 14:57,0,36.9,42.7,44.3,23,23.2,BURNOUT,BURNOUT,BURNOUT,BURNOUT,BURNOUT,LLLLLLLLLL,LLLL,
839,2026/04/14 14:57,0,36.8,42.7,44.3,23,23.2,BURNOUT,BURNOUT,BURNOUT,BURNOUT,BURNOUT,LLLLLLLLLL,LLLL,
840,2026/04/14 14:57,0,36.8,42.6,44.1,23.1,23.2,BURNOUT,BURNOUT,BURNOUT,BURNOUT,BURNOUT,LLLLLLLLLL,LLLL,
841,2026/04/14 14:57,0,36.7,42.6,44,23.1,23.2,BURNOUT,BURNOUT,BURNOUT,BURNOUT,BURNOUT,LLLLLLLLLL,LLLL,
842,2026/04/14 14:57,0,36.7,42.6,44,23,23.1,BURNOUT,BURNOUT,BURNOUT,BURNOUT,BURNOUT,LLLLLLLLLL,LLLL,
843,2026/04/14 14:57,0,36.6,42.6,43.9,23,23.1,BURNOUT,BURNOUT,BURNOUT,BURNOUT,BURNOUT,LLLLLLLLLL,LLLL,
844,2026/04/14 14:57,0,36.6,42.5,43.8,23,23.2,BURNOUT,BURNOUT,BURNOUT,BURNOUT,BURNOUT,LLLLLLLLLL,LLLL,
845,2026/04/14 14:57,0,36.5,42.4,43.7,23,23.2,BURNOUT,BURNOUT,BURNOUT,BURNOUT,BURNOUT,LLLLLLLLLL,LLLL,
846,2026/04/14 14:57,0,36.5,42.4,43.7,23.1,23.2,BURNOUT,BURNOUT,BURNOUT,BURNOUT,BURNOUT,LLLLLLLLLL,LLLL,
847,2026/04/14 14:57,0,36.4,42.3,43.6,23,23.2,BURNOUT,BURNOUT,BURNOUT,BURNOUT,BURNOUT,LLLLLLLLLL,LLLL,
848,2026/04/14 14:57,0,36.3,42.3,43.5,23.1,23.2,BURNOUT,BURNOUT,BURNOUT,BURNOUT,BURNOUT,LLLLLLLLLL,LLLL,
849,2026/04/14 14:57,0,36.3,42.3,43.5,23,23.2,BURNOUT,BURNOUT,BURNOUT,BURNOUT,BURNOUT,LLLLLLLLLL,LLLL,
850,2026/04/14 14:57,0,36.3,42.2,43.4,23,23.2,BURNOUT,BURNOUT,BURNOUT,BURNOUT,BURNOUT,LLLLLLLLLL,LLLL,
851,2026/04/14 14:57,0,36.2,42.2,43.3,23,23.1,BURNOUT,BURNOUT,BURNOUT,BURNOUT,BURNOUT,LLLLLLLLLL,LLLL,
852,2026/04/14 14:57,0,36.2,42.1,43.3,23.1,23.2,BURNOUT,BURNOUT,BURNOUT,BURNOUT,BURNOUT,LLLLLLLLLL,LLLL,
853,2026/04/14 14:57,0,36.1,42.1,43.2,23,23.2,BURNOUT,BURNOUT,BURNOUT,BURNOUT,BURNOUT,LLLLLLLLLL,LLLL,
854,2026/04/14 14:57,0,36,42,43.1,23.1,23.2,BURNOUT,BURNOUT,BURNOUT,BURNOUT,BURNOUT,LLLLLLLLLL,LLLL,
855,2026/04/14 14:57,0,36,42,43,23.1,23.2,BURNOUT,BURNOUT,BURNOUT,BURNOUT,BURNOUT,LLLLLLLLLL,LLLL,
856,2026/04/14 14:57,0,36,41.9,42.9,23.1,23.1,BURNOUT,BURNOUT,BURNOUT,BURNOUT,BURNOUT,LLLLLLLLLL,LLLL,
857,2026/04/14 14:57,0,35.9,41.9,42.9,23,23.1,BURNOUT,BURNOUT,BURNOUT,BURNOUT,BURNOUT,LLLLLLLLLL,LLLL,
858,2026/04/14 14:57,0,35.8,41.8,42.8,23,23.2,BURNOUT,BURNOUT,BURNOUT,BURNOUT,BURNOUT,LLLLLLLLLL,LLLL,
859,2026/04/14 14:57,0,35.8,41.8,42.7,23.1,23.2,BURNOUT,BURNOUT,BURNOUT,BURNOUT,BURNOUT,LLLLLLLLLL,LLLL,
860,2026/04/14 14:57,0,35.8,41.7,42.6,23,23.1,BURNOUT,BURNOUT,BURNOUT,BURNOUT,BURNOUT,LLLLLLLLLL,LLLL,
861,2026/04/14 14:57,0,35.7,41.7,42.6,23.1,23.1,BURNOUT,BURNOUT,BURNOUT,BURNOUT,BURNOUT,LLLLLLLLLL,LLLL,
862,2026/04/14 14:57,0,35.7,41.6,42.5,23.1,23.1,BURNOUT,BURNOUT,BURNOUT,BURNOUT,BURNOUT,LLLLLLLLLL,LLLL,
863,2026/04/14 14:57,0,35.7,41.5,42.5,23.1,23.1,BURNOUT,BURNOUT,BURNOUT,BURNOUT,BURNOUT,LLLLLLLLLL,LLLL,
864,2026/04/14 14:57,0,35.6,41.5,42.4,23,23.1,BURNOUT,BURNOUT,BURNOUT,BURNOUT,BURNOUT,LLLLLLLLLL,LLLL,
865,2026/04/14 14:57,0,35.5,41.5,42.3,23,23.2,BURNOUT,BURNOUT,BURNOUT,BURNOUT,BURNOUT,LLLLLLLLLL,LLLL,
866,2026/04/14 14:57,0,35.5,41.5,42.3,23,23.1,BURNOUT,BURNOUT,BURNOUT,BURNOUT,BURNOUT,LLLLLLLLLL,LLLL,
867,2026/04/14 14:57,0,35.5,41.4,42.2,23,23.1,BURNOUT,BURNOUT,BURNOUT,BURNOUT,BURNOUT,LLLLLLLLLL,LLLL,
868,2026/04/14 14:57,0,35.4,41.3,42.1,23,23.2,BURNOUT,BURNOUT,BURNOUT,BURNOUT,BURNOUT,LLLLLLLLLL,LLLL,
869,2026/04/14 14:57,0,35.4,41.3,42,23.1,23.1,BURNOUT,BURNOUT,BURNOUT,BURNOUT,BURNOUT,LLLLLLLLLL,LLLL,
870,2026/04/14 14:57,0,35.3,41.2,42,23,23.1,BURNOUT,BURNOUT,BURNOUT,BURNOUT,BURNOUT,LLLLLLLLLL,LLLL,
871,2026/04/14 14:57,0,35.2,41.2,41.9,23.1,23.1,BURNOUT,BURNOUT,BURNOUT,BURNOUT,BURNOUT,LLLLLLLLLL,LLLL,
872,2026/04/14 14:57,0,35.2,41.2,41.8,23.1,23.1,BURNOUT,BURNOUT,BURNOUT,BURNOUT,BURNOUT,LLLLLLLLLL,LLLL,
873,2026/04/14 14:57,0,35.2,41.1,41.7,23,23.1,BURNOUT,BURNOUT,BURNOUT,BURNOUT,BURNOUT,LLLLLLLLLL,LLLL,
874,2026/04/14 14:57,0,35.1,41.1,41.7,23,23.1,BURNOUT,BURNOUT,BURNOUT,BURNOUT,BURNOUT,LLLLLLLLLL,LLLL,
875,2026/04/14 14:57,0,35,40.9,41.6,23,23.1,BURNOUT,BURNOUT,BURNOUT,BURNOUT,BURNOUT,LLLLLLLLLL,LLLL,
876,2026/04/14 14:57,0,35,40.9,41.5,23,23.1,BURNOUT,BURNOUT,BURNOUT,BURNOUT,BURNOUT,LLLLLLLLLL,LLLL,
877,2026/04/14 14:57,0,34.9,40.9,41.5,23,23.1,BURNOUT,BURNOUT,BURNOUT,BURNOUT,BURNOUT,LLLLLLLLLL,LLLL,
878,2026/04/14 14:58,0,34.9,40.9,41.4,23,23.1,BURNOUT,BURNOUT,BURNOUT,BURNOUT,BURNOUT,LLLLLLLLLL,LLLL,
879,2026/04/14 14:58,0,34.9,40.8,41.3,23,23.1,BURNOUT,BURNOUT,BURNOUT,BURNOUT,BURNOUT,LLLLLLLLLL,LLLL,
880,2026/04/14 14:58,0,34.9,40.7,41.2,23,23.1,BURNOUT,BURNOUT,BURNOUT,BURNOUT,BURNOUT,LLLLLLLLLL,LLLL,